web-scraper-order,web-scraper-start-url,as24_a1,as24_a1-href,title_raw,price_raw,mileage_raw,transmission_raw,first_release_raw,drive_raw,fuel_raw,ps_raw,equipment_raw,fuel_consumption_raw,condition_raw,new_price_raw,garantie_raw,Accident,cylinder_raw,color_inside_raw,color_outside_raw,emty_weight_raw,motor_vehicle_inspection_raw,description_raw,short_description_raw,car_data_raw,seller_raw
"1733064450-1","https://www.autoscout24.ch/de/s/mo-a1/mk-audi?pagination%5Bpage%5D=5","","https://www.autoscout24.ch/de/d/audi-a1-sportback-30-tfsi-11987594","AUDI A1 Sportback 30 TFSI","CHF 22'900.–","38'520 km","Halbautomatisches Getriebe","03.2022","Vorderradantrieb","Benzin","110 PS (81 kW)","AusstattungenOptionale AusstattungAssist: Einparkhilfe plusKlima: 2-Zonen-KomfortklimaautomatikLenkrad: Lederlenkrad im 3-Speichen-Design mit Multifunktion plusLicht: LED-Scheinwerfer und LED-Heckleuchten mit dynamischem BlinklichtLicht: Scheinwerfer-ReinigungsanlageMedia: Audi Smartphone InterfaceMittelarmlehne vornePaket: InfotainmentpaketAudi virtual cockpitLenkrad: Lederlenkrad im 3-Speichen-Design mit Multifunktion plusMedia: Audi Smartphone InterfaceMedia: Audi SoundsystemMedia: Vorbereitung für MMI Navigation plusPaket: TechnikpaketAssist: Einparkhilfe hintenAssist: GeschwindigkeitsregelanlageAussenspiegel elektrisch einstell-, beheiz- und anklappbarInnenspiegel automatisch abblendbarLicht: LED-Scheinwerfer und LED-Heckleuchten mit dynamischem BlinklichtSitze: Vordersitze heizbarRäder: Radschrauben mit Diebstahlsicherung und RadlöseerkennungArrow down iconMehr anzeigen","5.8 l/100 km","","","Ja","14.11.2024","","","","","Ja","","**Fahrzeug auf Transport – Lieferung in Kürze**","03.2022","Car Trade24"
"1733064452-2","https://www.autoscout24.ch/de/s/mo-a1/mk-audi?pagination%5Bpage%5D=5","","https://www.autoscout24.ch/de/d/audi-a1-allstreet-30-tfsi-s-tronic-11999135","AUDI A1 allstreet 30 TFSI S-tronic","CHF 28'570.–","8'000 km","Automatikgetriebe","09.2023","Vorderradantrieb","Benzin","110 PS (81 kW)","AusstattungenOptionale AusstattungAssist: Einparkhilfe plusAssist: GeschwindigkeitsregelanlageAudi virtual cockpitAussenspiegel elektrisch einstell-, beheiz- und anklappbarAussenspiegel in WagenfarbeBordwerkzeug und WagenheberInnenspiegel automatisch abblendbarKlima: 2-Zonen-KomfortklimaautomatikKomfortschlüssel (ohne Safelock)Lackierung: Dachkuppel in KontrastfarbeArrow down iconMehr anzeigen","6.9 l/100 km","","","Ja","12.07.2024","","","","","Ja","","Klimaautomatik, Tempomat, Sitzheizung","09.2023","AMAG Frauenfeld (Occasionen / SKODA)"
"1733064455-3","https://www.autoscout24.ch/de/s/mo-a1/mk-audi?pagination%5Bpage%5D=5","","https://www.autoscout24.ch/de/d/audi-a1-sportback-30-tfsi-s-line-attraction-11987486","AUDI A1 Sportback 30 TFSI S Line Attraction","CHF 41'700.–","3'000 km","Automatikgetriebe","09.2024","Vorderradantrieb","Benzin","115 PS (85 kW)","AusstattungenOptionale AusstattungAssist: RückfahrkameraAssist: SpurwechselwarnungDachhimmel in Stoff schwarzDekor: Interieurelemente in KunstlederEntfall Modellbezeichnung und Leistungs- / Technologie-SchriftzugKlima: 2-Zonen-KomfortklimaautomatikKomfortschlüssel (ohne Safelock)Mittelarmlehne vornePaket: AssistenzpaketPaket: S line mit Sportsitz (Stoff Puls / Kunstleder mono.pur 550- Kombination schwarz)Dachhimmel in Stoff schwarzEinstiegsleisten mit Aluminiumeinlegern vorne, unbeleuchtet, mit S-SchriftzugFussmatten vorne und hintenSitze: Sportsitze vorneArrow down iconMehr anzeigen","5.7 l/100 km","","","Ja","Nein","","","","","Ja","","","09.2024","AMAG Baden"
"1733064457-4","https://www.autoscout24.ch/de/s/mo-a1/mk-audi?pagination%5Bpage%5D=5","","https://www.autoscout24.ch/de/d/audi-a1-sportback-30-tfsi-s-line-attraction-11987489","AUDI A1 Sportback 30 TFSI S Line Attraction","CHF 41'700.–","3'000 km","Automatikgetriebe","09.2024","Vorderradantrieb","Benzin","115 PS (85 kW)","AusstattungenOptionale AusstattungAssist: RückfahrkameraAssist: SpurwechselwarnungDachhimmel in Stoff schwarzDekor: Interieurelemente in KunstlederEntfall Modellbezeichnung und Leistungs- / Technologie-SchriftzugKlima: 2-Zonen-KomfortklimaautomatikKomfortschlüssel (ohne Safelock)Mittelarmlehne vornePaket: AssistenzpaketPaket: S line mit Sportsitz (Stoff Puls / Kunstleder mono.pur 550- Kombination schwarz)Dachhimmel in Stoff schwarzEinstiegsleisten mit Aluminiumeinlegern vorne, unbeleuchtet, mit S-SchriftzugFussmatten vorne und hintenSitze: Sportsitze vorneArrow down iconMehr anzeigen","5.7 l/100 km","","","Ja","Nein","","","","","Ja","","","09.2024","AMAG Baden"
"1733064459-5","https://www.autoscout24.ch/de/s/mo-a1/mk-audi?pagination%5Bpage%5D=5","","https://www.autoscout24.ch/de/d/audi-a1-sportback-30-tfsi-s-line-attraction-11995199","AUDI A1 Sportback 30 TFSI S Line Attraction","CHF 40'360.–","50 km","Automatikgetriebe","Neues Fahrzeug","Vorderradantrieb","Benzin","115 PS (85 kW)","AusstattungenOptionale AusstattungAssist: Audi pre sense basicAssist: RückfahrkameraAssist: SpurwechselwarnungAudi drive selectDachhimmel in Stoff schwarzDekor: Aluminiumoptik im InterieurDekor: Interieurelemente in KunstlederEntfall Modellbezeichnung und Leistungs- / Technologie-SchriftzugKlima: 2-Zonen-KomfortklimaautomatikKomfortschlüssel (ohne Safelock)Arrow down iconMehr anzeigen","5.7 l/100 km","","","Ja","Nein","","","","","Ja","[9ZE] Audi Phone Box
[4ZP] Optikpaket schwarz plus
[EA5] Anschlussgarantie 4. Jahr, max. 80'000 km, (netto)
[A41] Audi Swiss Service Package+
[3GD] Gepäckraumpaket
[Z70E] chronosgrau-mythosschwarz
[GB1] ...","AUDI TEAM, AMAG ZUG, 041 748 57 95, Für Besichtigung bitte Termin vereinbaren","Neues Fahrzeug","AMAG Audi Center Zug"
"1733064462-6","https://www.autoscout24.ch/de/s/mo-a1/mk-audi?pagination%5Bpage%5D=5","","https://www.autoscout24.ch/de/d/audi-a1-sportback-30-tfsi-advanced-11996186","AUDI A1 Sportback 30 TFSI advanced","CHF 22'690.–","32'500 km","Automatikgetriebe","02.2019","Vorderradantrieb","Benzin","115 PS (85 kW)","AusstattungenOptionale AusstattungAluminium-ApplikationenAssist: Einparkhilfe hintenAssist: RückfahrkameraAudi Smartphone InterfaceAudi Sound SystemAudi pre sense basicAudi virtual cockpitAussenspiegel rechts und links elektrisch verstell-, beheiz- und anklappbar,Dachhimmel schwarzGarantie: Audi Garantie: 4 Jahre oder 80'000 km (ab 1. Inv.)Arrow down iconMehr anzeigen","6.7 l/100 km","","","Ja","Nein","","","","","Ja","[5MB] Dekoreinlagen Polygonstruktur Feinlack schiefergrau
Winterräder
[0UC] Akzentflächen Satinlack gelb

***Mitarbeiterfahrzeug, wird aktuell gefahren, Probefahrten auf Voranmeldung*** **10 ...","Rückfahrkamera / Navi / Sitzheizung / Bang & Olufsen Soundsystem / ab MFK","02.2019","AMAG Automobil und Motoren AG"
"1733064464-7","https://www.autoscout24.ch/de/s/mo-a1/mk-audi?pagination%5Bpage%5D=5","","https://www.autoscout24.ch/de/d/audi-a1-sportback-30-tfsi-attraction-12002220","AUDI A1 Sportback 30 TFSI Attraction","CHF 28'900.–","50 km","Automatikgetriebe","Neues Fahrzeug","Vorderradantrieb","Benzin","115 PS (85 kW)","AusstattungenOptionale AusstattungAssist: Einparkhilfe plusDekor: Aluminiumoptik im InterieurEntfall Modellbezeichnung und Leistungs- / Technologie-SchriftzugGarantie: Audi Garantie: 4 Jahre oder 80'000 km (ab 1. Inv.)Klima: 2-Zonen-KomfortklimaautomatikKomfortschlüssel (ohne Safelock)Mittelarmlehne vornePaket: LichtpaketPolster : advanced mit Sportsitz (Stoff Novum)Räder: Aluminium-Gussräder - 16 Zoll - im 10-Speichen-DesignArrow down iconMehr anzeigen","5.6 l/100 km","","","Ja","Nein","","","","","Nein","","CH-Ausführung / Gratisservice / Tageszulassung","Neues Fahrzeug","AMAG Bern"
"1733064466-8","https://www.autoscout24.ch/de/s/mo-a1/mk-audi?pagination%5Bpage%5D=5","","https://www.autoscout24.ch/de/d/audi-a1-sportback-30-tfsi-attraction-12002336","AUDI A1 Sportback 30 TFSI Attraction","CHF 29'900.–","50 km","Automatikgetriebe","Neues Fahrzeug","Vorderradantrieb","Benzin","115 PS (85 kW)","AusstattungenOptionale AusstattungAssist: Einparkhilfe plusDekor: Aluminiumoptik im InterieurEntfall Modellbezeichnung und Leistungs- / Technologie-SchriftzugGarantie: Audi Garantie: 4 Jahre oder 80'000 km (ab 1. Inv.)Klima: 2-Zonen-KomfortklimaautomatikKomfortschlüssel (ohne Safelock)Lackierung: Metallic-LackierungMittelarmlehne vornePaket: LichtpaketPolster : advanced mit Sportsitz (Stoff Novum)Arrow down iconMehr anzeigen","5.6 l/100 km","","","Ja","Nein","","","","","Nein","","CH-Ausführung / Gratisservice / Tageszulassung","Neues Fahrzeug","AMAG Bern"
"1733064469-9","https://www.autoscout24.ch/de/s/mo-a1/mk-audi?pagination%5Bpage%5D=5","","https://www.autoscout24.ch/de/d/audi-a1-sportback-30-tfsi-attraction-12002337","AUDI A1 Sportback 30 TFSI Attraction","CHF 29'900.–","50 km","Automatikgetriebe","Neues Fahrzeug","Vorderradantrieb","Benzin","115 PS (85 kW)","AusstattungenOptionale AusstattungAssist: Einparkhilfe plusDekor: Aluminiumoptik im InterieurEntfall Modellbezeichnung und Leistungs- / Technologie-SchriftzugGarantie: Audi Garantie: 4 Jahre oder 80'000 km (ab 1. Inv.)Klima: 2-Zonen-KomfortklimaautomatikKomfortschlüssel (ohne Safelock)Lackierung: Metallic-LackierungMittelarmlehne vornePaket: LichtpaketPolster : advanced mit Sportsitz (Stoff Novum)Arrow down iconMehr anzeigen","5.6 l/100 km","","","Ja","Nein","","","","","Nein","","CH-Ausführung / Gratisservice / Tageszulassung","Neues Fahrzeug","AMAG Bern"
"1733064471-10","https://www.autoscout24.ch/de/s/mo-a1/mk-audi?pagination%5Bpage%5D=5","","https://www.autoscout24.ch/de/d/audi-a1-sportback-30-tfsi-attraction-12002110","AUDI A1 Sportback 30 TFSI Attraction","CHF 37'800.–","28 km","Automatikgetriebe","Neues Fahrzeug","Vorderradantrieb","Benzin","115 PS (85 kW)","AusstattungenOptionale AusstattungAssist: Audi pre sense basicAssist: RückfahrkameraAssist: SpurwechselwarnungDachhimmel in Stoff schwarzEntfall Modellbezeichnung und Leistungs- / Technologie-SchriftzugFahrwerk: SportfahrwerkGarantie: Audi Garantie: 5 Jahre oder 100'000 km (ab 1. Inv.)Klima: 2-Zonen-KomfortklimaautomatikKomfortschlüssel (ohne Safelock)Lackierung: Dachkuppel in KontrastfarbeArrow down iconMehr anzeigen","5.7 l/100 km","","","Ja","Nein","","","","","Ja","","Assistenzpaket pro, LED Scheinwerfer, MMI Navigationssystem plus und vieles mehr","Neues Fahrzeug","Furrer Auto Lachen AG"
"1733064473-11","https://www.autoscout24.ch/de/s/mo-a1/mk-audi?pagination%5Bpage%5D=5","","https://www.autoscout24.ch/de/d/audi-a1-sportback-30-tfsi-attraction-12014893","AUDI A1 Sportback 30 TFSI Attraction","CHF 26'900.–","20 km","Automatikgetriebe","Neues Fahrzeug","Vorderradantrieb","Benzin","115 PS (85 kW)","AusstattungenOptionale AusstattungAssist: Einparkhilfe plusAssist: RückfahrkameraEntfall Modellbezeichnung und Leistungs- / Technologie-SchriftzugMittelarmlehne vornePolster: advanced mit Sportsitz (Stoff Derby)Sitze: Sportsitze vorneMedia: 6 LautsprecherSitze: Lendenwirbelstütze, manuell einstellbar in VordersitzlehnenSerienmässige Ausstattung3-Punkt-Sicherheitsgurte auf allen PlätzenABSAirbag: Airbag Beifahrer deaktivierbarAirbag: Airbag FahrerArrow down iconMehr anzeigen","5.5 l/100 km","","","Ja","Nein","","","","","Ja","","","Neues Fahrzeug","AMAG Kreuzlingen"
"1733064475-12","https://www.autoscout24.ch/de/s/mo-a1/mk-audi?pagination%5Bpage%5D=5","","https://www.autoscout24.ch/de/d/audi-a1-sportback-30-tfsi-attraction-12025642","AUDI A1 Sportback 30 TFSI Attraction","CHF 23'990.–","27'100 km","Schaltgetriebe manuell","06.2021","Vorderradantrieb","Benzin","110 PS (81 kW)","AusstattungenOptionale AusstattungAssist: BerganfahrassistentAssist: Einparkhilfe hintenAssist: GeschwindigkeitsregelanlageAudi virtual cockpitAussenspiegel elektrisch einstell-, beheiz- und anklappbarEntfall Modellbezeichnung und Leistungs- / Technologie-SchriftzugInnenspiegel automatisch abblendbarLenkrad: Lederlenkrad im 3-Speichen-Design mit Multifunktion plusLicht: LED-Scheinwerfer und LED-Heckleuchten mit dynamischem BlinklichtMedia: Audi Smartphone InterfaceArrow down iconMehr anzeigen","5.7 l/100 km","","","Ja","Nein","","","","","Nein","[NZ4] Audi connect Notruf & Service
[IT4] Audi connect Navigation & Infotainment (3 Jahre)
[EL5] Audi connect Remote & Control (MMI Navigation Plus)
[EA8] Anschlussgarantie 4. und 5. Jahr, max. ...","","06.2021","AMAG Occasions Center"
"1733064478-13","https://www.autoscout24.ch/de/s/mo-a1/mk-audi?pagination%5Bpage%5D=5","","https://www.autoscout24.ch/de/d/audi-a1-sportback-30-tfsi-attraction-11994373","AUDI A1 Sportback 30 TFSI Attraction","CHF 29'900.–","6'000 km","Automatikgetriebe","06.2024","Vorderradantrieb","Benzin","115 PS (85 kW)","AusstattungenOptionale AusstattungAssist: Einparkhilfe plusAssist: RückfahrkameraEntfall Modellbezeichnung und Leistungs- / Technologie-SchriftzugGarantie: Audi Garantie: 4 Jahre oder 80'000 km (ab 1. Inv.)Klima: 2-Zonen-KomfortklimaautomatikKomfortschlüssel (ohne Safelock)Mittelarmlehne vorneRäder: Aluminium-Gussräder - 17 Zoll - im 5-V-Speichen-Design, kontrastgrau, teilpoliertSerienmässige Ausstattung3-Punkt-Sicherheitsgurte auf allen PlätzenABSArrow down iconMehr anzeigen","5.6 l/100 km","","","Ja","Nein","","","","","Ja","","","06.2024","Autocorner Audi Sion"
"1733064480-14","https://www.autoscout24.ch/de/s/mo-a1/mk-audi?pagination%5Bpage%5D=5","","https://www.autoscout24.ch/de/d/audi-a1-sportback-30-tfsi-s-line-attraction-11994388","AUDI A1 Sportback 30 TFSI S Line Attraction","CHF 34'900.–","5'000 km","Automatikgetriebe","06.2024","Vorderradantrieb","Benzin","110 PS (81 kW)","AusstattungenOptionale AusstattungAssist: Einparkhilfe plusAssist: RückfahrkameraAssist: SpurwechselwarnungDachhimmel in Stoff schwarzEntfall Leistungs- / Technologie-SchriftzugGarantie: Audi Garantie: 4 Jahre oder 80'000 km (ab 1. Inv.)Klima: 2-Zonen-KomfortklimaautomatikKomfortschlüssel (ohne Safelock)Lackierung: Dachkuppel in KontrastfarbeLicht: Fernlicht-AssistentArrow down iconMehr anzeigen","5.7 l/100 km","","","Ja","Nein","","","","","Ja","[7HB] Decór: Elements intérieur cuir artificiel
[1X0E] gris flèche-noir mythe
[C5I] Roues alu 7.5J x 17, design 5 double-branches, gris graphit, pneus 215/45 R17
[4ZP] Paquet optique noir plus ...","Superbe équipement - valeur à neuf : 45'600 frs","06.2024","Autocorner Audi Sion"
"1733064495-15","https://www.autoscout24.ch/de/s/mo-a1/mk-audi?pagination%5Bpage%5D=5","","https://www.autoscout24.ch/de/d/audi-a1-sportback-30-tfsi-attraction-11994956","AUDI A1 Sportback 30 TFSI Attraction","CHF 30'900.–","4'000 km","Automatikgetriebe","09.2024","Vorderradantrieb","Benzin","115 PS (85 kW)","AusstattungenOptionale AusstattungAssist: Einparkhilfe plusAssist: RückfahrkameraAudi drive selectEntfall Modellbezeichnung und Leistungs- / Technologie-SchriftzugGarantie: Audi Garantie: 4 Jahre oder 80'000 km (ab 1. Inv.)Klima: 2-Zonen-KomfortklimaautomatikKomfortschlüssel (ohne Safelock)Licht: Fernlicht-AssistentMittelarmlehne vornePaket: Kontrastpaket 2Arrow down iconMehr anzeigen","5.6 l/100 km","","","Ja","Nein","","","","","Ja","","","09.2024","Autocorner Audi Sion"
"1733064498-16","https://www.autoscout24.ch/de/s/mo-a1/mk-audi?pagination%5Bpage%5D=5","","https://www.autoscout24.ch/de/d/audi-a1-10-tfsi-design-12010687","AUDI A1 1.0 TFSI Design","CHF 15'900.–","47'000 km","Schaltgetriebe manuell","04.2018","Vorderradantrieb","Benzin","95 PS (70 kW)","AusstattungenOptionale AusstattungAblagenpaketAirbag: Airbag Beifahrer deaktivierbarAssist: Einparkhilfe hintenAudi Sound SystemAussenlackierung mit DachkuppelConnectivity PaketMedia: Audi music interfaceMedia: Bluetooth-SchnittstelleVorbereitung NavigationssystemKomfortpaketAblagenpaketAussenspiegel rechts und linksBordcomputerLicht: Licht- und RegensensorMittelarmlehne vorneLED InnenlichtpaketLicht: Licht- und RegensensorMedia: Audi music interfaceArrow down iconMehr anzeigen","4.2 l/100 km","","","Ja","01.10.2018","","","","","Nein","","","04.2018","Abt Automobile AG Premium Occasion Center"
"1733064500-17","https://www.autoscout24.ch/de/s/mo-a1/mk-audi?pagination%5Bpage%5D=5","","https://www.autoscout24.ch/de/d/audi-a1-sportback-30-tfsi-advanced-attraction-12003847","AUDI A1 Sportback 30 TFSI advanced Attraction","CHF 26'999.–","19'500 km","Automatikgetriebe","12.2022","Vorderradantrieb","Benzin","110 PS (81 kW)","AusstattungenOptionale AusstattungAssist: Einparkhilfe hintenAssist: GeschwindigkeitsregelanlageAudi virtual cockpitAussenspiegel elektrisch einstell-, beheiz- und anklappbarDekor: Aluminiumoptik im InterieurEntfall Leistungs- / Technologie-SchriftzugInnenspiegel automatisch abblendbarLenkrad: Lederlenkrad im 3-Speichen-Design mit Multifunktion plusLicht: LED-Scheinwerfer und LED-Heckleuchten mit dynamischem BlinklichtMedia: Audi Smartphone InterfaceArrow down iconMehr anzeigen","6 l/100 km","","","Ja","15.11.2022","","","","","Nein","","Swiss Service Package bis 01.12.2032/ 100’000km","12.2022","AMAG Automobil und Motoren AG"
"1733064503-18","https://www.autoscout24.ch/de/s/mo-a1/mk-audi?pagination%5Bpage%5D=5","","https://www.autoscout24.ch/de/d/audi-a1-sportback-14-tfsi-ambition-12002197","AUDI A1 Sportback 1.4 TFSI Ambition","CHF 9'980.–","190'060 km","Automatikgetriebe","09.2014","Vorderradantrieb","Benzin","140 PS (103 kW)","AusstattungenOptionale Ausstattung3-Sitz-RückbankAlu-Räder 7,5Jx17 5-Arm-DesignMedia style PaketMedia: Digitaler Radioempfang (DAB)Multifunktions-SportlederlenkradPaket ProlineMedia style PaketMultifunktions-SportlederlenkradSitze: Vordersitze heizbarXenon Plus-Lichtanlage inkl. LEDRegensensor und automatisch abblendbarerSitze: Vordersitze heizbarXenon Plus-Lichtanlage inkl. LEDSerienmässige Ausstattung3-Speichen-SportlederlenkradArrow down iconMehr anzeigen","4.9 l/100 km","","","Ja","07.02.2024","","","","","Ja","Ablieferungspauschale ist nicht inbegriffen, welches eine Tankfüllung, eine Autobahnvignette, Reinigung innen und aussen sowie die administrativen Arbeiten für die Immatrikulation des Fahrzeuges beinhaltet ...","Parksensoren hinten, Sitzheizung, Bluetooth, uvm.","09.2014","Garage H.R. Baumgartner AG"
"1733064505-19","https://www.autoscout24.ch/de/s/mo-a1/mk-audi?pagination%5Bpage%5D=5","","https://www.autoscout24.ch/de/d/audi-a1-sport-14-tfsi-ambition-s-tronic-12019246","AUDI A1 Sport 1.4 TFSI Ambition S-tronic","CHF 9'990.–","173'000 km","Halbautomatisches Getriebe","09.2011","Vorderradantrieb","Benzin","185 PS (136 kW)","AusstattungenSerienmässige Ausstattung3-Speichen-SportlederlenkradAirbag: Airbag Fahrer und BeifahrerAktivkohlefilterAlu-Räder 7,5Jx17 5-Arm-DesignAluminium-ApplikationenAntiblockiersystem (ABS)Antriebsschlupfregelung (ASR)Armauflagen Türen in KunstlederAschenbecher und ZigarettenanzünderAssist: BerganfahrassistentArrow down iconMehr anzeigen","5.9 l/100 km","","","Nein","06.02.2023","","","","","Ja","","Nos Engagements 
-12 Mois de Garantie possible
-leasing/Credit 
-Reprise de votre véhicule 
-Expertisée","09.2011","JBS Automobiles Sàrl"
"1733064507-20","https://www.autoscout24.ch/de/s/mo-a1/mk-audi?pagination%5Bpage%5D=5","","https://www.autoscout24.ch/de/d/audi-a1-sportback-30-tfsi-attraction-12025490","AUDI A1 Sportback 30 TFSI Attraction","CHF 19'900.–","98'500 km","Automat","09.2020","Vorderradantrieb","Benzin","115 PS (85 kW)","AusstattungenOptionale AusstattungAssist: Adaptiver GeschwindigkeitsassistentAssist: RückfahrkameraDachhimmel in Stoff schwarzEntfall Leistungs- / Technologie-SchriftzugGarantie: Audi Garantie: 4 Jahre oder 80'000 km (ab 1. Inv.)Klima: 2-Zonen-KomfortklimaautomatikKomfortschlüssel (ohne Safelock)Mittelarmlehne vornePaket: GepäckraumpaketPaket: S line mit Sportsitz (Alcantara Frequenz / Kunstleder mono.pur 550- Kombination schwarz)Dachhimmel in Stoff schwarzEinstiegsleisten mit Aluminiumeinlegern vorne, unbeleuchtet, mit S-SchriftzugFussmatten vorne und hintenSitze: Sportsitze vorneArrow down iconMehr anzeigen","6.9 l/100 km","","","Ja","Nein","","","","","Ja","","Véhicule CH ! Garantie Autocorner 2 ans ou 35'000 km ! (116)","09.2020","Autocorner Occasions Romanel"
"1733064512-21","https://www.autoscout24.ch/de/s/mo-a1/mk-audi?pagination%5Bpage%5D=4","","https://www.autoscout24.ch/de/d/audi-a1-sportback-35-tfsi-s-line-12026782","AUDI A1 Sportback 35 TFSI S Line","CHF 27'900.–","37'500 km","Automat","05.2021","Vorderradantrieb","Benzin","150 PS (110 kW)","AusstattungenOptionale AusstattungAssist: Einparkhilfe hintenAssist: GeschwindigkeitsregelanlageAssist: RückfahrkameraAssist: Spurverlassenswarnung und SpurwechselwarnungAudi drive selectAudi virtual cockpitAussenspiegel elektrisch einstell-, beheiz- und anklappbarDachhimmel in Stoff schwarzEntfall Modellbezeichnung und Leistungs- / Technologie-SchriftzugInnenspiegel automatisch abblendbarArrow down iconMehr anzeigen","6.8 l/100 km","","","Ja","Nein","","","","","Ja","[A41] Audi Swiss Service Package+
[EA8] Extension de garantie +2 ans, max. 100'000 km, (netto)
[0VB] Papiers français
[2Y0E] blanc glacier-noir mythe
[EL5] Audi connect Remote & Control (MMI ...","Véhicule CH ! Garantie usine 05.2026 ou 100'000 km ! (83)","05.2021","Autocorner Occasions Romanel"
"1733064515-22","https://www.autoscout24.ch/de/s/mo-a1/mk-audi?pagination%5Bpage%5D=4","","https://www.autoscout24.ch/de/d/audi-a1-sportback-14-tfsi-sport-12026785","AUDI A1 Sportback 1.4 TFSI Sport","CHF 14'900.–","93'000 km","Automat","05.2015","Vorderradantrieb","Benzin","150 PS (110 kW)","AusstattungenOptionale AusstattungAblagenpaketArmauflagen Türen in KunstlederAssist: Einparkhilfe hintenAussenspiegel und Dachkuppel inKomfortpaketAblagenpaketAssist: Einparkhilfe hintenAussenspiegel rechts und linksBordcomputerLED InnenlichtpaketLicht: Licht- und RegensensorMittelarmlehne vorneTempomatLED InnenlichtpaketMittelarmlehne vorneMultifunktions-SportlederlenkradNavigationsmodul für Radio Media CenterTempomatArrow down iconMehr anzeigen","4.7 l/100 km","","","Ja","Nein","","","","","Ja","[PAF] Rétroviseurs extérieurs droite et gauche à dégivrage, rabattables à réglage électrique et gicleurs de lave-glaces chauffables
[4L6] Rétroviseur intérieur à réglage automatique jour/nuit
[6H4] ...","Véhicule CH ! Garantie Autocorner 2 ans ou 35'000 km ! (66)","05.2015","Autocorner Occasions Romanel"
"1733064517-23","https://www.autoscout24.ch/de/s/mo-a1/mk-audi?pagination%5Bpage%5D=4","","https://www.autoscout24.ch/de/d/audi-a1-sportback-30-tfsi-advanced-12035150","AUDI A1 Sportback 30 TFSI advanced","CHF 13'900.–","90'100 km","Schaltgetriebe manuell","03.2019","Vorderradantrieb","Benzin","115 PS (85 kW)","AusstattungenOptionale AusstattungAssist: Einparkhilfe plusAudi Smartphone InterfaceAudi Sound SystemAudi virtual cockpitAussenspiegel in WagenfarbeAussenspiegel rechts und links elektrisch verstell-, beheiz- und anklappbar,GepäckraumpaketInfotainment PaketAudi Smartphone InterfaceAudi Sound SystemAudi virtual cockpitLenkrad: Leder-Multifunktion plus Lenkrad im 3-Speichen-DesignVorbereitung NavigationssystemKlimatisierungsautomatikLED ScheinwerferArrow down iconMehr anzeigen","4.8 l/100 km","","","Ja","Nein","","","","","Nein","","","03.2019","AMAG Automobiles et moteurs SA"
"1733064520-24","https://www.autoscout24.ch/de/s/mo-a1/mk-audi?pagination%5Bpage%5D=4","","https://www.autoscout24.ch/de/d/audi-a1-sportback-30-tfsi-s-line-attraction-12026788","AUDI A1 Sportback 30 TFSI S Line Attraction","CHF 21'900.–","59'000 km","Schaltgetriebe manuell","06.2021","Vorderradantrieb","Benzin","110 PS (81 kW)","AusstattungenOptionale AusstattungAssist: Einparkhilfe hintenAssist: GeschwindigkeitsregelanlageAudi virtual cockpitAussenspiegel elektrisch einstell-, beheiz- und anklappbarDachhimmel in Stoff schwarzEntfall Modellbezeichnung und Leistungs- / Technologie-SchriftzugInnenspiegel automatisch abblendbarKlima: 2-Zonen-KomfortklimaautomatikLackierung: Dachkuppel in KontrastfarbeLenkrad: Lederlenkrad im 3-Speichen-Design mit Multifunktion plusArrow down iconMehr anzeigen","5.7 l/100 km","","","Ja","Nein","","","","","Nein","[0VG] Documenti di bordo in italiano
[EA5] Estensione garanzia +1 anno, fino a 80'000 km, (netto)
[EL5] Audi connect Remote & Control (MMI Navigation Plus)
[GB1] Supporto LTE per Audi phone box
[NZ4] ...","","06.2021","AMAG Automobili e motori SA"
"1733064522-25","https://www.autoscout24.ch/de/s/mo-a1/mk-audi?pagination%5Bpage%5D=4","","https://www.autoscout24.ch/de/d/audi-a1-sportback-30-tfsi-advanced-11994242","AUDI A1 Sportback 30 TFSI advanced","CHF 19'160.–","67'359 km","Automatikgetriebe","12.2019","Vorderradantrieb","Benzin","115 PS (85 kW)","AusstattungenOptionale AusstattungAblagenpaketAluminium-ApplikationenAssist: Einparkhilfe hintenAudi Smartphone InterfaceAudi Sound SystemAudi virtual cockpitAussenspiegel rechts und links elektrisch verstell-, beheiz- und anklappbar,Garantie: Audi Swiss Service Package + (ASSP+)Infotainment PaketAudi Smartphone InterfaceAudi Sound SystemAudi virtual cockpitLenkrad: Leder-Multifunktion plus Lenkrad im 3-Speichen-DesignVorbereitung NavigationssystemInnenspiegel automatisch abblendbarArrow down iconMehr anzeigen","6.7 l/100 km","","","Ja","Nein","","","","","Ja","","CH-Ausführung/ Gratisservice/ Navigationssystem/ Sitzheizung/ AHK uvm.","12.2019","AMAG Audi Center Luzern"
"1733064524-26","https://www.autoscout24.ch/de/s/mo-a1/mk-audi?pagination%5Bpage%5D=4","","https://www.autoscout24.ch/de/d/audi-a1-sportback-30-tfsi-attraction-12010795","AUDI A1 Sportback 30 TFSI Attraction","CHF 26'900.–","50 km","Automatikgetriebe","10.2024","Vorderradantrieb","Benzin","110 PS (81 kW)","AusstattungenOptionale AusstattungEntfall Modellbezeichnung und Leistungs- / Technologie-SchriftzugGarantie: Audi Garantie: 4 Jahre oder 80'000 km (ab 1. Inv.)Mittelarmlehne vornePaket: GepäckraumpaketSerienmässige Ausstattung3-Punkt-Sicherheitsgurte auf allen PlätzenABSAirbag: Airbag Beifahrer deaktivierbarAirbag: Airbag FahrerAirbag: Seitenairbags vorneAirbag: Window-KopfairbagsArrow down iconMehr anzeigen","5.5 l/100 km","","","Ja","Nein","","","","","Ja","","Standort: Zürich-Altstetten - Rautistrasse 23 in 8048 Zürich/ Tel: 044 405 68 68","10.2024","Audi Center Zürich Altstetten"
"1733064527-27","https://www.autoscout24.ch/de/s/mo-a1/mk-audi?pagination%5Bpage%5D=4","","https://www.autoscout24.ch/de/d/audi-a1-sportback-30-tfsi-attraction-12010921","AUDI A1 Sportback 30 TFSI Attraction","CHF 28'900.–","50 km","Automatikgetriebe","10.2024","Vorderradantrieb","Benzin","115 PS (85 kW)","AusstattungenOptionale AusstattungAssist: RückfahrkameraEntfall Modellbezeichnung und Leistungs- / Technologie-SchriftzugGarantie: Audi Garantie: 4 Jahre oder 80'000 km (ab 1. Inv.)Mittelarmlehne vornePaket: AssistenzpaketSerienmässige Ausstattung3-Punkt-Sicherheitsgurte auf allen PlätzenABSAirbag: Airbag Beifahrer deaktivierbarAirbag: Airbag FahrerAirbag: Seitenairbags vorneArrow down iconMehr anzeigen","5.5 l/100 km","","","Ja","Nein","","","","","Ja","","Standort: Zürich-Altstetten - Rautistrasse 23 in 8048 Zürich/ Tel: 044 405 68 68","10.2024","Audi Center Zürich Altstetten"
"1733064529-28","https://www.autoscout24.ch/de/s/mo-a1/mk-audi?pagination%5Bpage%5D=4","","https://www.autoscout24.ch/de/d/audi-a1-sportback-30-tfsi-attraction-12010922","AUDI A1 Sportback 30 TFSI Attraction","CHF 26'900.–","50 km","Automatikgetriebe","09.2024","Vorderradantrieb","Benzin","115 PS (85 kW)","AusstattungenOptionale AusstattungEntfall Modellbezeichnung und Leistungs- / Technologie-SchriftzugGarantie: Audi Garantie: 4 Jahre oder 80'000 km (ab 1. Inv.)Mittelarmlehne vorneSerienmässige Ausstattung3-Punkt-Sicherheitsgurte auf allen PlätzenABSAirbag: Airbag Beifahrer deaktivierbarAirbag: Airbag FahrerAirbag: Seitenairbags vorneAirbag: Window-KopfairbagsAssist: Ablenkungs- und MüdigkeitserkennungArrow down iconMehr anzeigen","5.5 l/100 km","","","Ja","Nein","","","","","Ja","","Standort: Zürich-Altstetten - Rautistrasse 23 in 8048 Zürich/ Tel: 044 405 68 68","09.2024","Audi Center Zürich Altstetten"
"1733064531-29","https://www.autoscout24.ch/de/s/mo-a1/mk-audi?pagination%5Bpage%5D=4","","https://www.autoscout24.ch/de/d/audi-a1-sportback-35-tfsi-s-line-12016902","AUDI A1 Sportback 35 TFSI S Line","CHF 42'180.–","10 km","Automatikgetriebe","Neues Fahrzeug","Vorderradantrieb","Benzin","150 PS (110 kW)","AusstattungenOptionale AusstattungAssist: RückfahrkameraAssist: SpurwechselwarnungDachhimmel in Stoff schwarzKlima: 2-Zonen-KomfortklimaautomatikKomfortschlüssel (ohne Safelock)Media: Audi Phone BoxMedia: Audi connect Navigation & Infotainment plus - 3 JahreMittelarmlehne vornePaket: AblagepaketPaket: AssistenzpaketArrow down iconMehr anzeigen","5.7 l/100 km","","","Ja","Nein","","","","","Ja","","","Neues Fahrzeug","AMAG Châtelaine"
"1733064534-30","https://www.autoscout24.ch/de/s/mo-a1/mk-audi?pagination%5Bpage%5D=4","","https://www.autoscout24.ch/de/d/audi-a1-sportback-30-tfsi-s-line-attraction-12016905","AUDI A1 Sportback 30 TFSI S Line Attraction","CHF 35'270.–","10 km","Automatikgetriebe","Neues Fahrzeug","Vorderradantrieb","Benzin","115 PS (85 kW)","AusstattungenOptionale AusstattungAssist: Einparkhilfe plusAssist: RückfahrkameraDachhimmel in Stoff schwarzEntfall Leistungs- / Technologie-SchriftzugKlima: 2-Zonen-KomfortklimaautomatikKomfortschlüssel (ohne Safelock)Lenkrad: Sportkontur-Lederlenkrad im 3-Speichen-Design unten abgeflacht mit Multifunktion plusMittelarmlehne vornePaket: Kontur / Ambiente Lichtpaket, mehrfarbigPaket: S line mit Sportsitz (Stoff Puls / Kunstleder mono.pur 550- Kombination schwarz)Dachhimmel in Stoff schwarzEinstiegsleisten mit Aluminiumeinlegern vorne, unbeleuchtet, mit S-SchriftzugFussmatten vorne und hintenSitze: Sportsitze vorneArrow down iconMehr anzeigen","5.7 l/100 km","","","Ja","Nein","","","","","Ja","","","Neues Fahrzeug","AMAG Châtelaine"
"1733064536-31","https://www.autoscout24.ch/de/s/mo-a1/mk-audi?pagination%5Bpage%5D=4","","https://www.autoscout24.ch/de/d/audi-a1-allstreet-30-tfsi-attraction-s-tronic-12016910","AUDI A1 allstreet 30 TFSI Attraction S-tronic","CHF 34'780.–","10 km","Automatikgetriebe","Neues Fahrzeug","Vorderradantrieb","Benzin","115 PS (85 kW)","AusstattungenOptionale AusstattungAssist: Einparkhilfe plusAssist: RückfahrkameraDachhimmel in Stoff schwarzKlima: 2-Zonen-KomfortklimaautomatikKomfortschlüssel (ohne Safelock)Lackierung: Dachkuppel in KontrastfarbeLenkrad: Sportkontur-Lederlenkrad im 3-Speichen-DesignMittelarmlehne vornePaket: Kontrastpaket 1Paket: Kontur / Ambiente Lichtpaket, mehrfarbigArrow down iconMehr anzeigen","6 l/100 km","","","Ja","Nein","","","","","Ja","","","Neues Fahrzeug","AMAG Châtelaine"
"1733064538-32","https://www.autoscout24.ch/de/s/mo-a1/mk-audi?pagination%5Bpage%5D=4","","https://www.autoscout24.ch/de/d/audi-a1-sportback-30-tfsi-attraction-12016934","AUDI A1 Sportback 30 TFSI Attraction","CHF 31'199.–","10 km","Automatikgetriebe","Neues Fahrzeug","Vorderradantrieb","Benzin","115 PS (85 kW)","AusstattungenOptionale AusstattungAssist: Einparkhilfe plusAssist: RückfahrkameraKomfortschlüssel (ohne Safelock)Lenkrad: Sportkontur-Lederlenkrad im 3-Speichen-Design unten abgeflacht mit Multifunktion plusMittelarmlehne vornePaket: Kontrastpaket 2Polster : advanced mit Sportsitz (Stoff Novum)Räder: Aluminium-Gussräder - 18 Zoll - Audi Sport, 5-Y-Speichen, schwarz metallic, glanzgedreht,Sitze: Sportsitze vorneMedia: 6 LautsprecherSitze: Lendenwirbelstütze, manuell einstellbar in VordersitzlehnenSerienmässige Ausstattung3-Punkt-Sicherheitsgurte auf allen PlätzenArrow down iconMehr anzeigen","5.7 l/100 km","","","Ja","Nein","","","","","Ja","[0UK] Surfaces accentuées laqué diamant gris argent
[3GD] Paquet coffre à bagages
[5MB] Applications décoratives en style polygone laqué fine gris ardoise
[9VD] Audi Sound System
[A41] Audi ...","","Neues Fahrzeug","AMAG Châtelaine"
"1733064541-33","https://www.autoscout24.ch/de/s/mo-a1/mk-audi?pagination%5Bpage%5D=4","","https://www.autoscout24.ch/de/d/audi-a1-sportback-30-tfsi-s-line-attraction-12016938","AUDI A1 Sportback 30 TFSI S Line Attraction","CHF 37'910.–","10 km","Automatikgetriebe","Neues Fahrzeug","Vorderradantrieb","Benzin","115 PS (85 kW)","AusstattungenOptionale AusstattungAssist: Einparkhilfe plusAssist: RückfahrkameraEntfall Leistungs- / Technologie-SchriftzugKlima: 2-Zonen-KomfortklimaautomatikKomfortschlüssel (ohne Safelock)Lenkrad: Sportkontur-Lederlenkrad im 3-Speichen-Design unten abgeflacht mit Multifunktion plusMittelarmlehne vornePolster : advanced mit Sportsitz (Stoff Novum)Sitze: Sportsitze vorneMedia: 6 LautsprecherSitze: Lendenwirbelstütze, manuell einstellbar in VordersitzlehnenSerienmässige Ausstattung3-Punkt-Sicherheitsgurte auf allen PlätzenArrow down iconMehr anzeigen","5.7 l/100 km","","","Ja","Nein","","","","","Ja","[EA5] Extension de garantie +1 an, max. 80'000 km, (netto)
[5MB] Applications décoratives en style polygone laqué fine gris ardoise
[9VD] Audi Sound System
[A41] Audi Swiss Service Package+
[B10E] ...","","Neues Fahrzeug","AMAG Châtelaine"
"1733064543-34","https://www.autoscout24.ch/de/s/mo-a1/mk-audi?pagination%5Bpage%5D=4","","https://www.autoscout24.ch/de/d/audi-a1-sportback-30-tfsi-attraction-12016947","AUDI A1 Sportback 30 TFSI Attraction","CHF 34'010.–","10 km","Automatikgetriebe","Neues Fahrzeug","Vorderradantrieb","Benzin","115 PS (85 kW)","AusstattungenOptionale AusstattungAssist: Einparkhilfe plusAssist: RückfahrkameraDachhimmel in Stoff schwarzKlima: 2-Zonen-KomfortklimaautomatikKomfortschlüssel (ohne Safelock)Lackierung: Dachkuppel in KontrastfarbeLenkrad: Sportkontur-Lederlenkrad im 3-Speichen-Design unten abgeflacht mit Multifunktion plusMedia: SONOS Premium SoundsystemMittelarmlehne vornePaket: Kontrastpaket 2Arrow down iconMehr anzeigen","5.7 l/100 km","","","Ja","Nein","","","","","Ja","","","Neues Fahrzeug","AMAG Châtelaine"
"1733064545-35","https://www.autoscout24.ch/de/s/mo-a1/mk-audi?pagination%5Bpage%5D=4","","https://www.autoscout24.ch/de/d/audi-a1-allstreet-30-tfsi-attraction-s-tronic-12016950","AUDI A1 allstreet 30 TFSI Attraction S-tronic","CHF 33'990.–","10 km","Automatikgetriebe","Neues Fahrzeug","Vorderradantrieb","Benzin","115 PS (85 kW)","AusstattungenOptionale AusstattungAssist: ParkassistentAssist: RückfahrkameraDachhimmel in Stoff schwarzKlima: 2-Zonen-KomfortklimaautomatikKomfortschlüssel (ohne Safelock)Lenkrad: Sportkontur-Lederlenkrad im 3-Speichen-Design unten abgeflacht mit Multifunktion plusMittelarmlehne vornePaket: Kontrastpaket 1Paket: Optikpaket schwarzPaket: S line mit Sportsitz (Stoff Puls / Kunstleder mono.pur 550- Kombination schwarz)Dachhimmel in Stoff schwarzEinstiegsleisten mit Aluminiumeinlegern vorne, unbeleuchtet, mit S-SchriftzugFussmatten vorne und hintenSitze: Sportsitze vorneArrow down iconMehr anzeigen","6 l/100 km","","","Ja","Nein","","","","","Ja","","","Neues Fahrzeug","AMAG Châtelaine"
"1733064547-36","https://www.autoscout24.ch/de/s/mo-a1/mk-audi?pagination%5Bpage%5D=4","","https://www.autoscout24.ch/de/d/audi-a1-sportback-30-tfsi-s-line-attraction-12016959","AUDI A1 Sportback 30 TFSI S Line Attraction","CHF 34'170.–","10 km","Automatikgetriebe","Neues Fahrzeug","Vorderradantrieb","Benzin","115 PS (85 kW)","AusstattungenOptionale AusstattungAssist: Einparkhilfe plusAssist: RückfahrkameraEntfall Leistungs- / Technologie-SchriftzugKlima: 2-Zonen-KomfortklimaautomatikKomfortschlüssel (ohne Safelock)Lenkrad: Sportkontur-Lederlenkrad im 3-Speichen-Design unten abgeflacht mit Multifunktion plusMittelarmlehne vornePolster : advanced mit Sportsitz (Stoff Novum)Sitze: Sportsitze vorneMedia: 6 LautsprecherSitze: Lendenwirbelstütze, manuell einstellbar in VordersitzlehnenSerienmässige Ausstattung3-Punkt-Sicherheitsgurte auf allen PlätzenArrow down iconMehr anzeigen","5.7 l/100 km","","","Ja","Nein","","","","","Ja","[A41] Audi Swiss Service Package+
[9VD] Audi Sound System
[EA5] Extension de garantie +1 an, max. 80'000 km, (netto)
[B10E] rouge progressif -noir mythe
[0UK] Surfaces accentuées laqué diamant ...","","Neues Fahrzeug","AMAG Châtelaine"
"1733064550-37","https://www.autoscout24.ch/de/s/mo-a1/mk-audi?pagination%5Bpage%5D=4","","https://www.autoscout24.ch/de/d/audi-a1-sportback-30-tfsi-attraction-12016976","AUDI A1 Sportback 30 TFSI Attraction","CHF 31'230.–","10 km","Automatikgetriebe","Neues Fahrzeug","Vorderradantrieb","Benzin","115 PS (85 kW)","AusstattungenOptionale AusstattungAssist: Einparkhilfe plusAssist: RückfahrkameraKomfortschlüssel (ohne Safelock)Lenkrad: Sportkontur-Lederlenkrad im 3-Speichen-Design unten abgeflacht mit Multifunktion plusMittelarmlehne vornePolster : advanced mit Sportsitz (Stoff Novum)Räder: Aluminium-Gussräder - 18 Zoll - Audi Sport, 5-Y-Speichen, schwarz metallic, glanzgedreht,Sitze: Sportsitze vorneMedia: 6 LautsprecherSitze: Lendenwirbelstütze, manuell einstellbar in VordersitzlehnenSerienmässige Ausstattung3-Punkt-Sicherheitsgurte auf allen PlätzenABSArrow down iconMehr anzeigen","5.7 l/100 km","","","Ja","Nein","","","","","Ja","[EA5] Extension de garantie +1 an, max. 80'000 km, (netto)
[H1H1] gris manhattan métallisé
[9VD] Audi Sound System
[A41] Audi Swiss Service Package+
[3GD] Paquet coffre à bagages
[5MB] Applications ...","","Neues Fahrzeug","AMAG Châtelaine"
"1733064552-38","https://www.autoscout24.ch/de/s/mo-a1/mk-audi?pagination%5Bpage%5D=4","","https://www.autoscout24.ch/de/d/audi-a1-sportback-30-tfsi-attraction-12016978","AUDI A1 Sportback 30 TFSI Attraction","CHF 34'010.–","10 km","Automatikgetriebe","Neues Fahrzeug","Vorderradantrieb","Benzin","115 PS (85 kW)","AusstattungenOptionale AusstattungAssist: Einparkhilfe plusAssist: RückfahrkameraDachhimmel in Stoff schwarzKlima: 2-Zonen-KomfortklimaautomatikKomfortschlüssel (ohne Safelock)Lackierung: Dachkuppel in KontrastfarbeLenkrad: Sportkontur-Lederlenkrad im 3-Speichen-Design unten abgeflacht mit Multifunktion plusMedia: SONOS Premium SoundsystemMittelarmlehne vornePaket: Kontrastpaket 2Arrow down iconMehr anzeigen","5.7 l/100 km","","","Ja","Nein","","","","","Ja","","","Neues Fahrzeug","AMAG Châtelaine"
"1733064554-39","https://www.autoscout24.ch/de/s/mo-a1/mk-audi?pagination%5Bpage%5D=4","","https://www.autoscout24.ch/de/d/audi-a1-sportback-30-tfsi-attraction-12016981","AUDI A1 Sportback 30 TFSI Attraction","CHF 33'160.–","10 km","Automatikgetriebe","Neues Fahrzeug","Vorderradantrieb","Benzin","115 PS (85 kW)","AusstattungenOptionale AusstattungAssist: Einparkhilfe plusAssist: RückfahrkameraDachhimmel in Stoff schwarzKlima: 2-Zonen-KomfortklimaautomatikKomfortschlüssel (ohne Safelock)Lenkrad: Sportkontur-Lederlenkrad im 3-Speichen-Design unten abgeflacht mit Multifunktion plusMedia: SONOS Premium SoundsystemMittelarmlehne vornePaket: S line mit Sportsitz (Stoff Puls / Kunstleder mono.pur 550- Kombination schwarz)Dachhimmel in Stoff schwarzEinstiegsleisten mit Aluminiumeinlegern vorne, unbeleuchtet, mit S-SchriftzugFussmatten vorne und hintenSitze: Sportsitze vorneRäder: Aluminium-Gussräder Audi Sport - 18 Zoll - im 7-Speichen-Rotor-Design in AnthrazitschwarzArrow down iconMehr anzeigen","5.7 l/100 km","","","Ja","Nein","","","","","Ja","","","Neues Fahrzeug","AMAG Châtelaine"
"1733064557-40","https://www.autoscout24.ch/de/s/mo-a1/mk-audi?pagination%5Bpage%5D=4","","https://www.autoscout24.ch/de/d/audi-a1-sportback-30-tfsi-attraction-12016984","AUDI A1 Sportback 30 TFSI Attraction","CHF 31'530.–","10 km","Automatikgetriebe","Neues Fahrzeug","Vorderradantrieb","Benzin","115 PS (85 kW)","AusstattungenOptionale AusstattungAssist: Einparkhilfe plusAssist: RückfahrkameraKomfortschlüssel (ohne Safelock)Lenkrad: Sportkontur-Lederlenkrad im 3-Speichen-Design unten abgeflacht mit Multifunktion plusMittelarmlehne vornePolster : advanced mit Sportsitz (Stoff Novum)Räder: Aluminium-Gussräder - 18 Zoll - Audi Sport, 5-Y-Speichen, schwarz metallic, glanzgedreht,Sitze: Sportsitze vorneMedia: 6 LautsprecherSitze: Lendenwirbelstütze, manuell einstellbar in VordersitzlehnenSerienmässige Ausstattung3-Punkt-Sicherheitsgurte auf allen PlätzenABSArrow down iconMehr anzeigen","5.7 l/100 km","","","Ja","Nein","","","","","Ja","[9VD] Audi Sound System
[A41] Audi Swiss Service Package+
[3GD] Paquet coffre à bagages
[5MB] Applications décoratives en style polygone laqué fine gris ardoise
[0UK] Surfaces accentuées laqué ...","","Neues Fahrzeug","AMAG Châtelaine"
"1733064562-41","https://www.autoscout24.ch/de/s/mo-a1/mk-audi?pagination%5Bpage%5D=3","","https://www.autoscout24.ch/de/d/audi-a1-sportback-30-tfsi-attraction-12016985","AUDI A1 Sportback 30 TFSI Attraction","CHF 31'530.–","10 km","Automatikgetriebe","Neues Fahrzeug","Vorderradantrieb","Benzin","115 PS (85 kW)","AusstattungenOptionale AusstattungAssist: Einparkhilfe plusAssist: RückfahrkameraKomfortschlüssel (ohne Safelock)Lenkrad: Sportkontur-Lederlenkrad im 3-Speichen-Design unten abgeflacht mit Multifunktion plusMittelarmlehne vornePolster : advanced mit Sportsitz (Stoff Novum)Räder: Aluminium-Gussräder - 18 Zoll - Audi Sport, 5-Y-Speichen, schwarz metallic, glanzgedreht,Sitze: Sportsitze vorneMedia: 6 LautsprecherSitze: Lendenwirbelstütze, manuell einstellbar in VordersitzlehnenSerienmässige Ausstattung3-Punkt-Sicherheitsgurte auf allen PlätzenABSArrow down iconMehr anzeigen","5.7 l/100 km","","","Ja","Nein","","","","","Ja","[EA5] Extension de garantie +1 an, max. 80'000 km, (netto)
[9VD] Audi Sound System
[A41] Audi Swiss Service Package+
[3GD] Paquet coffre à bagages
[5MB] Applications décoratives en style polygone ...","","Neues Fahrzeug","AMAG Châtelaine"
"1733064564-42","https://www.autoscout24.ch/de/s/mo-a1/mk-audi?pagination%5Bpage%5D=3","","https://www.autoscout24.ch/de/d/audi-a1-sportback-30-tfsi-s-line-attraction-12016994","AUDI A1 Sportback 30 TFSI S Line Attraction","CHF 34'170.–","10 km","Automatikgetriebe","Neues Fahrzeug","Vorderradantrieb","Benzin","115 PS (85 kW)","AusstattungenOptionale AusstattungAssist: Einparkhilfe plusAssist: RückfahrkameraEntfall Leistungs- / Technologie-SchriftzugKlima: 2-Zonen-KomfortklimaautomatikKomfortschlüssel (ohne Safelock)Lenkrad: Sportkontur-Lederlenkrad im 3-Speichen-Design unten abgeflacht mit Multifunktion plusMittelarmlehne vornePolster : advanced mit Sportsitz (Stoff Novum)Sitze: Sportsitze vorneMedia: 6 LautsprecherSitze: Lendenwirbelstütze, manuell einstellbar in VordersitzlehnenSerienmässige Ausstattung3-Punkt-Sicherheitsgurte auf allen PlätzenArrow down iconMehr anzeigen","5.7 l/100 km","","","Ja","Nein","","","","","Ja","[B10E] rouge progressif -noir mythe
[EA5] Extension de garantie +1 an, max. 80'000 km, (netto)
[9VD] Audi Sound System
[A41] Audi Swiss Service Package+
[3GD] Paquet coffre à bagages
[5MB] ...","","Neues Fahrzeug","AMAG Châtelaine"
"1733064566-43","https://www.autoscout24.ch/de/s/mo-a1/mk-audi?pagination%5Bpage%5D=3","","https://www.autoscout24.ch/de/d/audi-a1-sportback-30-tfsi-s-line-attraction-12008073","AUDI A1 Sportback 30 TFSI S Line Attraction","CHF 34'900.–","10 km","Automatikgetriebe","10.2024","Vorderradantrieb","Benzin","115 PS (85 kW)","AusstattungenOptionale AusstattungAssist: Einparkhilfe plusAssist: RückfahrkameraEntfall Leistungs- / Technologie-SchriftzugKomfortschlüssel (ohne Safelock)Lenkrad: Sportkontur-Lederlenkrad im 3-Speichen-Design unten abgeflacht mit Multifunktion plusMittelarmlehne vornePolster : advanced mit Sportsitz (Stoff Novum)Sitze: Sportsitze vorneMedia: 6 LautsprecherSitze: Lendenwirbelstütze, manuell einstellbar in VordersitzlehnenSerienmässige Ausstattung3-Punkt-Sicherheitsgurte auf allen PlätzenABSArrow down iconMehr anzeigen","5.7 l/100 km","","","Ja","Nein","","","","","Nein","","STOP AFFAIRE !! Leasing à 2.99%","10.2024","AMAG Nyon"
"1733064568-44","https://www.autoscout24.ch/de/s/mo-a1/mk-audi?pagination%5Bpage%5D=3","","https://www.autoscout24.ch/de/d/audi-a1-sportback-12-tfsi-admired-11989756","AUDI A1 Sportback 1.2 TFSI admired","CHF 6'800.–","184'900 km","Schaltgetriebe manuell","11.2013","Vorderradantrieb","Benzin","86 PS (63 kW)","AusstattungenOptionale AusstattungAirbag: Airbag Beifahrer deaktivierbarConnectivity PaketMedia: Audi music interfaceMedia: Bluetooth-SchnittstelleVorbereitung NavigationssystemFrontscheibe mit Color-BandGepäckraumpaketMedia: Digitaler Radioempfang (DAB)Mittelarmlehne vornePark Distance Control hintenReifendruck-KontrollanzeigeSchwarze AussenoptikSitze: Vordersitze heizbarArrow down iconMehr anzeigen","5.1 l/100 km","","","Ja","10.12.2024","","","","","Ja","","","11.2013","Auto-Gretener AG"
"1733064571-45","https://www.autoscout24.ch/de/s/mo-a1/mk-audi?pagination%5Bpage%5D=3","","https://www.autoscout24.ch/de/d/audi-a1-sportback-30-tfsi-s-line-attraction-12008845","AUDI A1 Sportback 30 TFSI S Line Attraction","CHF 44'490.–","50 km","Automatikgetriebe","Neues Fahrzeug","Vorderradantrieb","Benzin","115 PS (85 kW)","AusstattungenOptionale AusstattungAssist: Audi pre sense basicAssist: RückfahrkameraAssist: SpurwechselwarnungAudi drive selectDachhimmel in Stoff schwarzDekor: Aluminiumoptik im InterieurDekor: Interieurelemente in KunstlederEntfall Modellbezeichnung und Leistungs- / Technologie-SchriftzugKlima: 2-Zonen-KomfortklimaautomatikKomfortschlüssel (ohne Safelock)Arrow down iconMehr anzeigen","5.7 l/100 km","","","Ja","Nein","","","","","Nein","","AUDI TEAM, AMAG ZUG, 041 748 57 95, Für Besichtigung bitte Termin vereinbaren","Neues Fahrzeug","AMAG Audi Center Zug"
"1733064573-46","https://www.autoscout24.ch/de/s/mo-a1/mk-audi?pagination%5Bpage%5D=3","","https://www.autoscout24.ch/de/d/audi-a1-sportback-30-tfsi-s-line-attraction-12008848","AUDI A1 Sportback 30 TFSI S Line Attraction","CHF 37'900.–","50 km","Automatikgetriebe","Neues Fahrzeug","Vorderradantrieb","Benzin","115 PS (85 kW)","AusstattungenOptionale AusstattungAssist: Einparkhilfe plusAssist: RückfahrkameraDachhimmel in Stoff schwarzKlima: 2-Zonen-KomfortklimaautomatikKomfortschlüssel (ohne Safelock)Lenkrad: Lederlenkrad im 3-Speichen-Design mit Multifunktion plus und SchaltwippenMittelarmlehne vornePaket: S line mit Sportsitz (Stoff Puls / Kunstleder mono.pur 550- Kombination schwarz)Dachhimmel in Stoff schwarzEinstiegsleisten mit Aluminiumeinlegern vorne, unbeleuchtet, mit S-SchriftzugFussmatten vorne und hintenSitze: Sportsitze vornePrivacy-Verglasung (Scheiben abgedunkelt)Räder: Aluminium-Gussräder - 17 Zoll - im 5-V-Speichen-Design, kontrastgrau, teilpoliertArrow down iconMehr anzeigen","5.7 l/100 km","","","Ja","Nein","","","","","Nein","","AUDI TEAM, AMAG ZUG, 041 748 57 95, Für Besichtigung bitte Termin vereinbaren","Neues Fahrzeug","AMAG Audi Center Zug"
"1733064575-47","https://www.autoscout24.ch/de/s/mo-a1/mk-audi?pagination%5Bpage%5D=3","","https://www.autoscout24.ch/de/d/audi-a1-sportback-30-tfsi-attraction-12021720","AUDI A1 Sportback 30 TFSI Attraction","CHF 32'900.–","15 km","Automatikgetriebe","Neues Fahrzeug","Vorderradantrieb","Benzin","115 PS (85 kW)","AusstattungenOptionale AusstattungAssist: Einparkhilfe plusAssist: RückfahrkameraDachhimmel in Stoff schwarzEntfall Leistungs- / Technologie-SchriftzugGarantie: Audi Garantie: 4 Jahre oder 80'000 km (ab 1. Inv.)Klima: 2-Zonen-KomfortklimaautomatikKomfortschlüssel (ohne Safelock)Lackierung: Dachkuppel in KontrastfarbeMittelarmlehne vornePaket: S line mit Sportsitz (Stoff Puls / Kunstleder mono.pur 550- Kombination schwarz)Dachhimmel in Stoff schwarzEinstiegsleisten mit Aluminiumeinlegern vorne, unbeleuchtet, mit S-SchriftzugFussmatten vorne und hintenSitze: Sportsitze vorneArrow down iconMehr anzeigen","5.6 l/100 km","","","Ja","Nein","","","","","Ja","[WF6] Paquet Technologie
[A41] Audi Swiss Service Package+
[9VD] Audi Sound System
[TV] noir - argent fin (S line)
[H10E] gris manhattan-noir mythe
[3GD] Paquet coffre à bagages
[0VB] ...","","Neues Fahrzeug","Autocorner Audi Lutry"
"1733064578-48","https://www.autoscout24.ch/de/s/mo-a1/mk-audi?pagination%5Bpage%5D=3","","https://www.autoscout24.ch/de/d/audi-a1-sportback-30-tfsi-advanced-12002084","AUDI A1 Sportback 30 TFSI advanced","CHF 22'900.–","35'900 km","Automatikgetriebe","08.2020","Vorderradantrieb","Benzin","115 PS (85 kW)","AusstattungenOptionale AusstattungAssist: Adaptiver GeschwindigkeitsassistentAssist: ParkassistentAudi virtual cockpitAussenspiegel elektrisch einstell-, beheiz- und anklappbarAussenspiegel in WagenfarbeBordwerkzeug und WagenheberEntfall Modellbezeichnung und Leistungs- / Technologie-SchriftzugInnenspiegel automatisch abblendbarKlima: 2-Zonen-KomfortklimaautomatikLackierung: Metallic-LackierungArrow down iconMehr anzeigen","4.8 l/100 km","","","Ja","15.06.2022","","","","","Ja","","","08.2020","AMAG Volketswil"
"1733064580-49","https://www.autoscout24.ch/de/s/mo-a1/mk-audi?pagination%5Bpage%5D=3","","https://www.autoscout24.ch/de/d/audi-a1-sportback-30-tfsi-s-line-attraction-12019559","AUDI A1 Sportback 30 TFSI S Line Attraction","CHF 34'900.–","20 km","Automatikgetriebe","10.2024","Vorderradantrieb","Benzin","115 PS (85 kW)","AusstattungenOptionale AusstattungAssist: RückfahrkameraAssist: SpurwechselwarnungDachhimmel in Stoff schwarzDekor: Interieurelemente in KunstlederEntfall Modellbezeichnung und Leistungs- / Technologie-SchriftzugKlima: 2-Zonen-KomfortklimaautomatikKomfortschlüssel (ohne Safelock)Mittelarmlehne vornePaket: AssistenzpaketPaket: Kontur / Ambiente Lichtpaket, mehrfarbigArrow down iconMehr anzeigen","5.7 l/100 km","","","Ja","Nein","","","","","Ja","[EA5] Anschlussgarantie 4. Jahr, max. 80'000 km, (netto)
[A41] Audi Swiss Service Package+
[2Y2Y] gletscherweiss-gletscherweiss
[D32] Kundenvorteil Paket ""Infotainment"" (2024 - WKC)
[9VD] Audi ...","","10.2024","AMAG Kreuzlingen"
"1733064583-50","https://www.autoscout24.ch/de/s/mo-a1/mk-audi?pagination%5Bpage%5D=3","","https://www.autoscout24.ch/de/d/audi-a1-sportback-30-tfsi-attraction-12002088","AUDI A1 Sportback 30 TFSI Attraction","CHF 27'900.–","10'900 km","Automatikgetriebe","11.2023","Vorderradantrieb","Benzin","110 PS (81 kW)","AusstattungenOptionale AusstattungMittelarmlehne vornePaket: GepäckraumpaketSerienmässige Ausstattung3-Punkt-Sicherheitsgurte auf allen PlätzenABSAirbag: Airbag Beifahrer deaktivierbarAirbag: Airbag FahrerAirbag: Seitenairbags vorneAirbag: Window-KopfairbagsAssist: Audi pre sense frontAssist: BerganfahrassistentArrow down iconMehr anzeigen","5.7 l/100 km","","","Ja","Nein","","","","","Ja","","CH-Fahrzeug mit Servicepaket","11.2023","AMAG Volketswil"
"1733064585-51","https://www.autoscout24.ch/de/s/mo-a1/mk-audi?pagination%5Bpage%5D=3","","https://www.autoscout24.ch/de/d/audi-a1-sportback-30-tfsi-attraction-12006577","AUDI A1 Sportback 30 TFSI Attraction","CHF 29'900.–","25 km","Automatikgetriebe","11.2024","Vorderradantrieb","Benzin","115 PS (85 kW)","AusstattungenOptionale AusstattungAssist: Einparkhilfe plusEntfall Modellbezeichnung und Leistungs- / Technologie-SchriftzugKlima: 2-Zonen-KomfortklimaautomatikKomfortschlüssel (ohne Safelock)Mittelarmlehne vornePaket: LichtpaketPolster : advanced mit Sportsitz (Stoff Novum)Räder: Aluminium-Gussräder - 16 Zoll - im 10-Speichen-DesignSitze: Sportsitze vorneMedia: 6 LautsprecherSitze: Lendenwirbelstütze, manuell einstellbar in VordersitzlehnenSerienmässige Ausstattung3-Punkt-Sicherheitsgurte auf allen PlätzenArrow down iconMehr anzeigen","5.6 l/100 km","","","Ja","Nein","","","","","Nein","","Leasing 2.99% ab Fr. 275.- monatlich - Tageszulassung ohne Kilometer","11.2024","AMAG Biel/Bienne"
"1733064588-52","https://www.autoscout24.ch/de/s/mo-a1/mk-audi?pagination%5Bpage%5D=3","","https://www.autoscout24.ch/de/d/audi-a1-sportback-30-tfsi-attraction-12006583","AUDI A1 Sportback 30 TFSI Attraction","CHF 29'900.–","25 km","Automatikgetriebe","11.2024","Vorderradantrieb","Benzin","115 PS (85 kW)","AusstattungenOptionale AusstattungAssist: Einparkhilfe plusEntfall Modellbezeichnung und Leistungs- / Technologie-SchriftzugKlima: 2-Zonen-KomfortklimaautomatikKomfortschlüssel (ohne Safelock)Mittelarmlehne vornePaket: LichtpaketPolster : advanced mit Sportsitz (Stoff Novum)Räder: Aluminium-Gussräder - 16 Zoll - im 10-Speichen-DesignSitze: Sportsitze vorneMedia: 6 LautsprecherSitze: Lendenwirbelstütze, manuell einstellbar in VordersitzlehnenSerienmässige Ausstattung3-Punkt-Sicherheitsgurte auf allen PlätzenArrow down iconMehr anzeigen","5.6 l/100 km","","","Ja","Nein","","","","","Nein","","Leasing 2.99% ab Fr. 275.- monatlich - Tageszulassung ohne Kilometer","11.2024","AMAG Biel/Bienne"
"1733064590-53","https://www.autoscout24.ch/de/s/mo-a1/mk-audi?pagination%5Bpage%5D=3","","https://www.autoscout24.ch/de/d/audi-a1-sportback-30-tfsi-attraction-12008836","AUDI A1 Sportback 30 TFSI Attraction","CHF 34'900.–","10 km","Automatikgetriebe","11.2024","Vorderradantrieb","Benzin","115 PS (85 kW)","AusstattungenOptionale AusstattungAssist: Einparkhilfe plusAssist: RückfahrkameraDachhimmel in Stoff schwarzKomfortschlüssel (ohne Safelock)Lenkrad: Sportkontur-Lederlenkrad im 3-Speichen-Design unten abgeflacht mit Multifunktion plusMittelarmlehne vornePaket: Kontrastpaket 2Paket: S line mit Sportsitz (Stoff Puls / Kunstleder mono.pur 550- Kombination schwarz)Dachhimmel in Stoff schwarzEinstiegsleisten mit Aluminiumeinlegern vorne, unbeleuchtet, mit S-SchriftzugFussmatten vorne und hintenSitze: Sportsitze vorneRäder: Aluminium-Gussräder - 18 Zoll - Audi Sport, 5-Y-Speichen, schwarz metallic, glanzgedreht,Sitze: Sportsitze vorneMedia: 6 LautsprecherSitze: Lendenwirbelstütze, manuell einstellbar in VordersitzlehnenArrow down iconMehr anzeigen","5.7 l/100 km","","","Ja","Nein","","","","","Nein","","","11.2024","AMAG Etoy"
"1733064592-54","https://www.autoscout24.ch/de/s/mo-a1/mk-audi?pagination%5Bpage%5D=3","","https://www.autoscout24.ch/de/d/audi-a1-city-carver-30-tfsi-s-tronic-12011808","AUDI A1 City Carver 30 TFSI S-tronic","CHF 23'400.–","38'600 km","Automatikgetriebe","03.2021","Vorderradantrieb","Benzin","110 PS (81 kW)","AusstattungenOptionale AusstattungAssist: Einparkhilfe hintenAssist: GeschwindigkeitsregelanlageAssist: RückfahrkameraAudi virtual cockpitAussenspiegel elektrisch einstell-, beheiz- und anklappbarInnenspiegel automatisch abblendbarKomfortschlüssel (ohne Safelock)Lenkrad: Lederlenkrad im 3-Speichen-Design mit Multifunktion plusLicht: LED-Scheinwerfer und LED-Heckleuchten mit dynamischem BlinklichtMedia: Audi Smartphone InterfaceArrow down iconMehr anzeigen","6.9 l/100 km","","","Ja","Nein","","","","","Nein","[EA5] Estensione garanzia +1 anno, fino a 80'000 km, (netto)
[0E0E] nero mytha-nero mytha

Incl. pacchetto consegna - 538922- Audi è sinonimo di vetture sportive, fabbricazione di prima qualità ...","","03.2021","AMAG Automobili e motori SA"
"1733064595-55","https://www.autoscout24.ch/de/s/mo-a1/mk-audi?pagination%5Bpage%5D=3","","https://www.autoscout24.ch/de/d/audi-a1-sportback-30-tfsi-s-line-attraction-12028568","AUDI A1 Sportback 30 TFSI S Line Attraction","CHF 39'400.–","15 km","Automatikgetriebe","Neues Fahrzeug","Vorderradantrieb","Benzin","115 PS (85 kW)","AusstattungenOptionale AusstattungAssist: RückfahrkameraAssist: SpurwechselwarnungDachhimmel in Stoff schwarzEntfall Leistungs- / Technologie-SchriftzugGarantie: Audi Garantie: 4 Jahre oder 80'000 km (ab 1. Inv.)Klima: 2-Zonen-KomfortklimaautomatikKomfortschlüssel (ohne Safelock)Media: SONOS Premium SoundsystemMittelarmlehne vornePaket: AssistenzpaketArrow down iconMehr anzeigen","-","","","Ja","Nein","","","","","Ja","[WF6] Paquet Technologie
[WKC] Paquet ""Infotainment"" (brut)
[4ZP] Paquet optique noir plus
[A41] Audi Swiss Service Package+
[D32] Bénéfice client paquet ""Infotainment"" (2024 - WKC)
[TV] ...","","Neues Fahrzeug","Autocorner Audi Lutry"
"1733064597-56","https://www.autoscout24.ch/de/s/mo-a1/mk-audi?pagination%5Bpage%5D=3","","https://www.autoscout24.ch/de/d/audi-a1-sportback-30-tfsi-s-line-attraction-12028575","AUDI A1 Sportback 30 TFSI S Line Attraction","CHF 37'300.–","15 km","Automatikgetriebe","Neues Fahrzeug","Vorderradantrieb","Benzin","115 PS (85 kW)","AusstattungenOptionale AusstattungAssist: Einparkhilfe plusAssist: RückfahrkameraDachhimmel in Stoff schwarzEntfall Leistungs- / Technologie-SchriftzugGarantie: Audi Garantie: 4 Jahre oder 80'000 km (ab 1. Inv.)Klima: 2-Zonen-KomfortklimaautomatikKomfortschlüssel (ohne Safelock)Lackierung: Dachkuppel in KontrastfarbeLenkrad: Sportkontur-Lederlenkrad im 3-Speichen-Design unten abgeflacht mit Multifunktion plusMittelarmlehne vorneArrow down iconMehr anzeigen","5.7 l/100 km","","","Ja","Nein","","","","","Ja","[WF6] Paquet Technologie
[9VD] Audi Sound System
[3GD] Paquet coffre à bagages
[TV] noir - argent fin (S line)
[A41] Audi Swiss Service Package+
[1X0E] gris flèche-noir mythe
[0VB] Papiers ...","","Neues Fahrzeug","Autocorner Audi Lutry"
"1733064599-57","https://www.autoscout24.ch/de/s/mo-a1/mk-audi?pagination%5Bpage%5D=3","","https://www.autoscout24.ch/de/d/audi-a1-sportback-30-tfsi-attraction-12028588","AUDI A1 Sportback 30 TFSI Attraction","CHF 34'400.–","15 km","Automatikgetriebe","Neues Fahrzeug","Vorderradantrieb","Benzin","115 PS (85 kW)","AusstattungenOptionale AusstattungAssist: RückfahrkameraAssist: SpurwechselwarnungDekor: Aluminiumoptik im InterieurEntfall Leistungs- / Technologie-SchriftzugGarantie: Audi Garantie: 4 Jahre oder 80'000 km (ab 1. Inv.)Klima: 2-Zonen-KomfortklimaautomatikKomfortschlüssel (ohne Safelock)Lenkrad: Lederlenkrad im 3-Speichen-Design mit Multifunktion plus und SchaltwippenMittelarmlehne vornePaket: AssistenzpaketArrow down iconMehr anzeigen","5.6 l/100 km","","","Ja","Nein","","","","","Ja","[0VB] Papiers français
[0E0E] noir mythe-noir mythe
[9VD] Audi Sound System
[3GD] Paquet coffre à bagages
[WKC] Paquet ""Infotainment"" (brut)
[WF6] Paquet Technologie
[A41] Audi Swiss Service ...","","Neues Fahrzeug","Autocorner Audi Lutry"
"1733064606-58","https://www.autoscout24.ch/de/s/mo-a1/mk-audi?pagination%5Bpage%5D=3","","https://www.autoscout24.ch/de/d/audi-a1-sportback-30-tfsi-s-line-attraction-12028622","AUDI A1 Sportback 30 TFSI S Line Attraction","CHF 38'300.–","15 km","Automatikgetriebe","11.2024","Vorderradantrieb","Benzin","115 PS (85 kW)","AusstattungenOptionale AusstattungAssist: RückfahrkameraDachhimmel in Stoff schwarzEntfall Leistungs- / Technologie-SchriftzugGarantie: Audi Garantie: 4 Jahre oder 80'000 km (ab 1. Inv.)Klima: 2-Zonen-KomfortklimaautomatikKomfortschlüssel (ohne Safelock)Media: SONOS Premium SoundsystemPaket: AssistenzpaketPaket: Kontur / Ambiente Lichtpaket, mehrfarbigPaket: S line mit Sportsitz (Stoff Puls / Kunstleder mono.pur 550- Kombination schwarz)Dachhimmel in Stoff schwarzEinstiegsleisten mit Aluminiumeinlegern vorne, unbeleuchtet, mit S-SchriftzugFussmatten vorne und hintenSitze: Sportsitze vorneArrow down iconMehr anzeigen","-","","","Ja","Nein","","","","","Ja","[A41] Audi Swiss Service Package+
[3GD] Paquet coffre à bagages
[WKC] Paquet ""Infotainment"" (brut)
[0VB] Papiers français
[WF6] Paquet Technologie
[TV] noir - argent fin (S line)
[D32] ...","","11.2024","Autocorner Audi Lutry"
"1733064608-59","https://www.autoscout24.ch/de/s/mo-a1/mk-audi?pagination%5Bpage%5D=3","","https://www.autoscout24.ch/de/d/audi-a1-sportback-35-tfsi-s-line-11817549","AUDI A1 Sportback 35 TFSI S Line","CHF 26'800.–","43'440 km","Halbautomatisches Getriebe","06.2021","Vorderradantrieb","Benzin","150 PS (110 kW)","AusstattungenOptionale AusstattungAssist: Adaptiver GeschwindigkeitsassistentAssist: Einparkhilfe plusAssist: RückfahrkameraAssist: Spurverlassenswarnung und SpurwechselwarnungAssist: SpurwechselwarnungAudi drive selectKlima: 2-Zonen-KomfortklimaautomatikKomfortschlüssel (ohne Safelock)Lackierung: Metallic-LackierungLenkrad: Sportkontur-Lederlenkrad im 3-Speichen-Design unten abgeflacht mit Multifunktion plusArrow down iconMehr anzeigen","6.8 l/100 km","","","Nein","11.06.2021","","","","","Ja","Guten Tag und herzlich willkommen beim Touring Club Schweiz (TCS) – Ihr neutraler und kompetenter Partner rund um das Thema Mobilität.

Der TCS wurde vom aktuellen Fahrzeugbesitzer beauftragt, um ...","Fahrzeugstandort ist 4702 Oensingen. Unabhängig und transparent durch TCS-Experten geprüft.","06.2021","Touring Club Schweiz (TCS)"
"1733064610-60","https://www.autoscout24.ch/de/s/mo-a1/mk-audi?pagination%5Bpage%5D=3","","https://www.autoscout24.ch/de/d/audi-a1-sportback-14-tfsi-sport-11812696","AUDI A1 Sportback 1.4 TFSI Sport","CHF 14'400.–","143'200 km","Halbautomatisches Getriebe","12.2016","Vorderradantrieb","Benzin","150 PS (110 kW)","AusstattungenOptionale AusstattungAbgedunkelte Seiten- und HeckscheibeAirbag: Airbag Beifahrer deaktivierbarAlcantara-/Leder-AusstattungConnectivity PaketMedia: Audi music interfaceMedia: Bluetooth-SchnittstelleVorbereitung NavigationssystemDachhimmel schwarzDekorblenden AussenspiegelEinparkhilfe vorne und hintenEinstiegsschienen beleuchtet, vorne undKomfortpaketAblagenpaketAssist: Einparkhilfe hintenAussenspiegel rechts und linksBordcomputerLED InnenlichtpaketLicht: Licht- und RegensensorMittelarmlehne vorneTempomatKomfortschlüssel ohne Safe-FunktionArrow down iconMehr anzeigen","5 l/100 km","","","Ja","23.10.2020","","","","","Ja","","S-LINE","12.2016","Garage Passion-Autos"
"1733064615-61","https://www.autoscout24.ch/de/s/mo-a1/mk-audi?pagination%5Bpage%5D=2","","https://www.autoscout24.ch/de/d/audi-a1-sportback-30-tfsi-s-line-attraction-12035278","AUDI A1 Sportback 30 TFSI S Line Attraction","CHF 38'900.–","50 km","Automatikgetriebe","Neues Fahrzeug","Vorderradantrieb","Benzin","115 PS (85 kW)","AusstattungenOptionale AusstattungDachhimmel in Stoff schwarzEntfall Modellbezeichnung und Leistungs- / Technologie-SchriftzugKlima: 2-Zonen-KomfortklimaautomatikKomfortschlüssel (ohne Safelock)Lackierung: Dachkuppel in KontrastfarbeMittelarmlehne vornePaket: AssistenzpaketPaket: Optikpaket schwarzPaket: S line mit Sportsitz (Stoff Puls / Kunstleder mono.pur 550- Kombination schwarz)Dachhimmel in Stoff schwarzEinstiegsleisten mit Aluminiumeinlegern vorne, unbeleuchtet, mit S-SchriftzugFussmatten vorne und hintenSitze: Sportsitze vornePrivacy-Verglasung (Scheiben abgedunkelt)Arrow down iconMehr anzeigen","5.7 l/100 km","","","Ja","Nein","","","","","Ja","","Standort: Zürich-Altstetten - Rautistrasse 23 in 8048 Zürich/ Tel: 044 405 68 68","Neues Fahrzeug","Audi Center Zürich Altstetten"
"1733064617-62","https://www.autoscout24.ch/de/s/mo-a1/mk-audi?pagination%5Bpage%5D=2","","https://www.autoscout24.ch/de/d/audi-a1-sportback-30-tfsi-attraction-12002224","AUDI A1 Sportback 30 TFSI Attraction","CHF 29'900.–","20 km","Automatikgetriebe","Neues Fahrzeug","Vorderradantrieb","Benzin","115 PS (85 kW)","AusstattungenOptionale AusstattungAssist: Einparkhilfe plusAssist: RückfahrkameraEntfall Modellbezeichnung und Leistungs- / Technologie-SchriftzugMittelarmlehne vornePolster: advanced mit Sportsitz (Stoff Derby)Sitze: Sportsitze vorneMedia: 6 LautsprecherSitze: Lendenwirbelstütze, manuell einstellbar in VordersitzlehnenSerienmässige Ausstattung3-Punkt-Sicherheitsgurte auf allen PlätzenABSAirbag: Airbag Beifahrer deaktivierbarAirbag: Airbag FahrerArrow down iconMehr anzeigen","5.5 l/100 km","","","Ja","Nein","","","","","Ja","[D32] Kundenvorteil Paket ""Infotainment"" (2024 - WKC)
[A41] Audi Swiss Service Package+
[5MB] Dekoreinlagen Polygonstruktur Feinlack schiefergrau
[0UK] Akzentflächen Diamantlack silbergrau
[9VD] ...","","Neues Fahrzeug","AMAG Kreuzlingen"
"1733064620-63","https://www.autoscout24.ch/de/s/mo-a1/mk-audi?pagination%5Bpage%5D=2","","https://www.autoscout24.ch/de/d/audi-a1-sportback-30-tfsi-attraction-12010806","AUDI A1 Sportback 30 TFSI Attraction","CHF 27'900.–","2'000 km","Automatikgetriebe","11.2024","Vorderradantrieb","Benzin","110 PS (81 kW)","AusstattungenOptionale AusstattungEntfall Modellbezeichnung und Leistungs- / Technologie-SchriftzugMittelarmlehne vornePaket: GepäckraumpaketSerienmässige Ausstattung3-Punkt-Sicherheitsgurte auf allen PlätzenABSAirbag: Airbag Beifahrer deaktivierbarAirbag: Airbag FahrerAirbag: Seitenairbags vorneAirbag: Window-KopfairbagsAssist: Audi pre sense frontArrow down iconMehr anzeigen","5.5 l/100 km","","","Ja","Nein","","","","","Ja","","Standort: Zürich-Altstetten - Rautistrasse 23 in 8048 Zürich/ Tel: 044 405 68 68","11.2024","Audi Center Zürich Altstetten"
"1733064622-64","https://www.autoscout24.ch/de/s/mo-a1/mk-audi?pagination%5Bpage%5D=2","","https://www.autoscout24.ch/de/d/audi-a1-sportback-30-tfsi-s-line-attraction-12029991","AUDI A1 Sportback 30 TFSI S Line Attraction","CHF 37'990.–","50 km","Automatikgetriebe","Neues Fahrzeug","Vorderradantrieb","Benzin","115 PS (85 kW)","AusstattungenOptionale AusstattungAssist: RückfahrkameraAssist: SpurwechselwarnungDachhimmel in Stoff schwarzDekor: Aluminiumoptik im InterieurEntfall Modellbezeichnung und Leistungs- / Technologie-SchriftzugKlima: 2-Zonen-KomfortklimaautomatikKomfortschlüssel (ohne Safelock)Mittelarmlehne vornePaket: AblagepaketPaket: AssistenzpaketArrow down iconMehr anzeigen","5.7 l/100 km","","","Ja","Nein","","","","","Ja","Audi steht für sportliche Fahrzeuge, hochwertige Verarbeitung und progressives Design – für „Vorsprung durch Technik“. Der Audi Konzern ist einer der erfolgreichsten Hersteller von Automobilen im Premiumsegment ...","CH-Ausführung/ Gratisservice/ Bei Flottenbestätigung 6-11% Zusatzrabatt!","Neues Fahrzeug","AMAG Sursee"
"1733064624-65","https://www.autoscout24.ch/de/s/mo-a1/mk-audi?pagination%5Bpage%5D=2","","https://www.autoscout24.ch/de/d/audi-a1-sportback-25-tfsi-12005623","AUDI A1 Sportback 25 TFSI","CHF 14'950.–","72'900 km","Schaltgetriebe manuell","10.2020","Vorderradantrieb","Benzin","95 PS (70 kW)","AusstattungenOptionale AusstattungAssist: Audi pre sense basicAssist: Einparkhilfe hintenKlima: 2-Zonen-KomfortklimaautomatikLenkrad: Lederlenkrad im 3-Speichen-Design mit Multifunktion plusMedia: Audi Smartphone InterfaceMedia: Audi SoundsystemMedia: MMI Radio plusMittelarmlehne vornePaket: LichtpaketPaket: TechnikpaketAssist: Einparkhilfe hintenAssist: GeschwindigkeitsregelanlageAussenspiegel elektrisch einstell-, beheiz- und anklappbarInnenspiegel automatisch abblendbarLicht: LED-Scheinwerfer und LED-Heckleuchten mit dynamischem BlinklichtSitze: Vordersitze heizbarArrow down iconMehr anzeigen","6.4 l/100 km","","","Ja","18.11.2024","","","","","Ja","CH-Fahrzeug aus 1. Hand, Gratisservice, 4 Winterpneu, neu ab MFK, Top-Zustand!

Für eine Besichtigung bitten wir um Voranmeldung/Terminabsprache.
Wir freuen uns auf Ihren Besuch.
Sie ...","CH-Fahrzeug mit fortlaufendem Gratisservice, 1. Hand, neu ab MFK 11.24, Klimaautomat, Sitzheizung, LED-Scheinwerfer,","10.2020","Jürg Pfenninger Automobile"
"1733064627-66","https://www.autoscout24.ch/de/s/mo-a1/mk-audi?pagination%5Bpage%5D=2","","https://www.autoscout24.ch/de/d/audi-a1-sportback-30-tfsi-s-line-attraction-12011797","AUDI A1 Sportback 30 TFSI S Line Attraction","CHF 33'900.–","13'700 km","Automatikgetriebe","07.2023","Vorderradantrieb","Benzin","110 PS (81 kW)","AusstattungenOptionale AusstattungAssist: RückfahrkameraDachhimmel in Stoff schwarzDekor: Aluminiumoptik im InterieurKlima: 2-Zonen-KomfortklimaautomatikKomfortschlüssel (ohne Safelock)Media: Audi connect Navigation & Infotainment plus - 3 JahreMittelarmlehne vornePaket: AblagepaketPaket: AssistenzpaketPaket: GepäckraumpaketArrow down iconMehr anzeigen","5.9 l/100 km","","","Ja","Nein","","","","","Ja","[0E0E] nero mytha-nero mytha
[EL5] Audi connect Remote & Control (MMI Navigation Plus)
[EA5] Estensione garanzia +1 anno, fino a 80'000 km, (netto)

Pacchetto consegna incluso - 779841- Audi ...","","07.2023","AMAG Automobili e motori SA"
"1733064629-67","https://www.autoscout24.ch/de/s/mo-a1/mk-audi?pagination%5Bpage%5D=2","","https://www.autoscout24.ch/de/d/audi-a1-sportback-35-tfsi-12011799","AUDI A1 Sportback 35 TFSI","CHF 18'790.–","74'980 km","Schaltgetriebe manuell","08.2019","Vorderradantrieb","Benzin","150 PS (110 kW)","AusstattungenOptionale AusstattungAssist: Einparkhilfe hintenAudi Smartphone InterfaceAudi Sound SystemAudi virtual cockpitAussenspiegel rechts und links elektrisch verstell-, beheiz- und anklappbar,Dachhimmel schwarzGarantie: Audi Garantie: 5 Jahre oder 100'000 km (ab 1. Inv.)Infotainment PaketAudi Smartphone InterfaceAudi Sound SystemAudi virtual cockpitLenkrad: Leder-Multifunktion plus Lenkrad im 3-Speichen-DesignVorbereitung NavigationssystemInnenspiegel automatisch abblendbarKomfortschlüssel ohne Safe-FunktionArrow down iconMehr anzeigen","6.6 l/100 km","","","Ja","Nein","","","","","Nein","","CH-Fahrzeug/Gratisservice/Sitzheizung/virtual cockpit/LED Scheinwerfer/u.v.m.","08.2019","AMAG Vaduz"
"1733064631-68","https://www.autoscout24.ch/de/s/mo-a1/mk-audi?pagination%5Bpage%5D=2","","https://www.autoscout24.ch/de/d/audi-a1-sportback-30-tfsi-s-line-attraction-12008100","AUDI A1 Sportback 30 TFSI S Line Attraction","CHF 37'900.–","10 km","Automatikgetriebe","10.2024","Vorderradantrieb","Benzin","115 PS (85 kW)","AusstattungenOptionale AusstattungAssist: Einparkhilfe plusAssist: RückfahrkameraAssist: SpurwechselwarnungDachhimmel in Stoff schwarzEntfall Leistungs- / Technologie-SchriftzugKlima: 2-Zonen-KomfortklimaautomatikKomfortschlüssel (ohne Safelock)Lenkrad: Sportkontur-Lederlenkrad im 3-Speichen-DesignMittelarmlehne vornePaket: Kontur / Ambiente Lichtpaket, mehrfarbigArrow down iconMehr anzeigen","5.7 l/100 km","","","Ja","Nein","","","","","Ja","","STOP AFFAIRE !! Leasing à 2.99%","10.2024","AMAG Nyon"
"1733064634-69","https://www.autoscout24.ch/de/s/mo-a1/mk-audi?pagination%5Bpage%5D=2","","https://www.autoscout24.ch/de/d/audi-a1-sportback-35-tfsi-s-line-12008825","AUDI A1 Sportback 35 TFSI S Line","CHF 24'900.–","61'500 km","Automatikgetriebe","10.2020","Vorderradantrieb","Benzin","150 PS (110 kW)","AusstattungenOptionale AusstattungAssist: Einparkhilfe hintenAssist: GeschwindigkeitsregelanlageAssist: RückfahrkameraAudi virtual cockpitAussenspiegel elektrisch einstell-, beheiz- und anklappbarDachhimmel in Stoff schwarzInnenspiegel automatisch abblendbarKlima: 2-Zonen-KomfortklimaautomatikKomfortschlüssel (ohne Safelock)Lackierung: Dachkuppel in KontrastfarbeArrow down iconMehr anzeigen","7 l/100 km","","","Ja","Nein","","","","","Ja","[Z70E] grigio chronos-nero mito
[EL5] Audi connect Remote & Control (MMI Navigation Plus)
[NZ4] Audi connect Chiamata d'emergenza & Servizio
[IT4] Audi connect Navigazione & Infotainment (3 anni)
[EA8] ...","","10.2020","AMAG Breganzona"
"1733064636-70","https://www.autoscout24.ch/de/s/mo-a1/mk-audi?pagination%5Bpage%5D=2","","https://www.autoscout24.ch/de/d/audi-a1-sportback-30-tfsi-s-line-attraction-12019041","AUDI A1 Sportback 30 TFSI S Line Attraction","CHF 41'500.–","28 km","Automatikgetriebe","Neues Fahrzeug","Vorderradantrieb","Benzin","115 PS (85 kW)","AusstattungenOptionale AusstattungAssist: RückfahrkameraAssist: SpurwechselwarnungDachhimmel in Stoff schwarzDekor: Aluminiumoptik im InterieurEntfall Modellbezeichnung und Leistungs- / Technologie-SchriftzugGarantie: Audi Garantie: 5 Jahre oder 100'000 km (ab 1. Inv.)Klima: 2-Zonen-KomfortklimaautomatikKomfortschlüssel (ohne Safelock)Lackierung: Metallic-LackierungLenkrad: Lederlenkrad im 3-Speichen-Design mit Multifunktion plus und SchaltwippenArrow down iconMehr anzeigen","5.7 l/100 km","","","Ja","Nein","","","","","Ja","","S-Line, Dynamikpaket, MMI Navigation plus und vieles mehr!","Neues Fahrzeug","Furrer Auto Lachen AG"
"1733064638-71","https://www.autoscout24.ch/de/s/mo-a1/mk-audi?pagination%5Bpage%5D=2","","https://www.autoscout24.ch/de/d/audi-a3-9522461","AUDI a3","CHF 14'000.–","120'000 km","Automatikgetriebe","10.2013","Vorderradantrieb","Benzin","122 PS (90 kW)","AusstattungenOptionale AusstattungKlimaautomatik KomfortLED InnenlichtpaketLeichtmetallräder im 7-Doppelspeichen -Licht-, Regensensor, FernlichtassistentLicht: LED HeckleuchtenMedia style PaketMedia: Bluetooth-SchnittstelleMittelarmlehne vorneNavigationspaketSerienmässige Ausstattung3-Speichen-SportlederlenkradArrow down iconMehr anzeigen","5.2 l/100 km","","","Nein","01.06.2022","","","","","Ja","","","10.2013","Privatanbieter"
"1733064641-72","https://www.autoscout24.ch/de/s/mo-a1/mk-audi?pagination%5Bpage%5D=2","","https://www.autoscout24.ch/de/d/audi-a1-sportback-30-tfsi-11350908","AUDI A1 Sportback 30 TFSI","CHF 17'900.–","49'000 km","Halbautomatisches Getriebe","08.2018","Vorderradantrieb","Benzin","95 PS (70 kW)","AusstattungenSerienmässige Ausstattung3-Punkt-Sicherheitsgurte auf allen PlätzenAblagefachAdaptives BremslichtAirbag: Airbag Beifahrer deaktivierbarAirbag: Airbag Fahrer und BeifahrerAirbag: Window-KopfairbagsAlu-Räder 6Jx15 5-Arm-DesignAntiblockiersystem (ABS)Antriebsschlupfregelung (ASR)Assist: BerganfahrassistentArrow down iconMehr anzeigen","4.8 l/100 km","","","Nein","27.03.2024","","","","","Nein","Ich nehme auch ein andere Auto oder Motorrad als Anzahlung!! - einfach fragen  - Vielen Dank  

Verkaufe meinen zuverlässigen Audi A1, der sich in einem Top-Zustand befindet. 

Dieses Fahrzeug ...","","08.2018","Privatanbieter"
"1733064643-73","https://www.autoscout24.ch/de/s/mo-a1/mk-audi?pagination%5Bpage%5D=2","","https://www.autoscout24.ch/de/d/audi-a1-14-tfsi-ambition-s-tronic-4955213","AUDI A1 1.4 TFSI Ambition S-tronic","CHF 14'499.–","58'800 km","Halbautomatisches Getriebe","06.2013","Vorderradantrieb","Benzin","140 PS (103 kW)","AusstattungenSerienmässige Ausstattung3-Speichen-SportlederlenkradAirbag: Airbag Fahrer und BeifahrerAktivkohlefilterAlu-Räder 7Jx16J 7-Arm-DesignAluminium-ApplikationenAntiblockiersystem (ABS)Antriebsschlupfregelung (ASR)Aschenbecher und ZigarettenanzünderAssist: Bremsassistent (BAS)Aussenspiegel in WagenfarbeArrow down iconMehr anzeigen","4.7 l/100 km","","","Ja","22.06.2017","","","","","Nein","I am selling my super well kept Audi A1. Car is in an excellent condition.  Always serviced at Amag in Lugano or Zürich, last service in October 2023. Make your offer.
Possibly it had some other funcionalities ...","","06.2013","Privatanbieter"
"1733064646-74","https://www.autoscout24.ch/de/s/mo-a1/mk-audi?pagination%5Bpage%5D=2","","https://www.autoscout24.ch/de/d/audi-a1-sportback-30-tfsi-advanced-attraction-11885905","AUDI A1 Sportback 30 TFSI advanced Attraction","CHF 28'800.–","4'600 km","Halbautomatisches Getriebe","06.2023","Vorderradantrieb","Benzin","110 PS (81 kW)","AusstattungenOptionale AusstattungAssist: Audi pre sense basicAssist: BerganfahrassistentAssist: Einparkhilfe plusAssist: RückfahrkameraKlima: 2-Zonen-KomfortklimaautomatikSerienmässige Ausstattung3-Punkt-Sicherheitsgurte auf allen PlätzenABSAirbag: Airbag Beifahrer deaktivierbarAirbag: Airbag FahrerAirbag: Seitenairbags vorneArrow down iconMehr anzeigen","-","","","Ja","Nein","","","","","Nein","For Sale: 2023 Audi A1 Sportback 30 TFSI Attraction - Nearly New, Low Mileage, Full Warranty

I’m selling my 2023 Audi A1, in excellent condition with only 4,600 km on the odometer. This car has ...","It includes additional winter tires.","06.2023","Privatanbieter"
"1733064648-75","https://www.autoscout24.ch/de/s/mo-a1/mk-audi?pagination%5Bpage%5D=2","","https://www.autoscout24.ch/de/d/audi-a1-sportback-14-tfsi-ambition-s-tronic-9984070","AUDI A1 Sportback 1.4 TFSI Ambition S-tronic","CHF 14'800.–","118'000 km","Halbautomatisches Getriebe","02.2015","Vorderradantrieb","Benzin","140 PS (103 kW)","AusstattungenOptionale AusstattungAdvance PaketAblagenpaketAussenspiegel rechts und linksBordcomputerLED InnenlichtpaketLicht- und RegensensorMittelarmlehne vorneMultifunktionsanzeigePark Distance Control hintenTempomatAirbag: Airbag Beifahrer deaktivierbarConnectivity PaketMedia: Audi music interfaceMedia: Bluetooth-SchnittstelleVorbereitung NavigationssystemMittelarmlehne vornePaket ProlineMedia style PaketMultifunktions-SportlederlenkradSitze: Vordersitze heizbarXenon Plus-Lichtanlage inkl. LEDScheinwerfer-WaschanlageSerienmässige Ausstattung3-Speichen-SportlederlenkradAirbag: Airbag Fahrer und BeifahrerAktivkohlefilterAlu-Räder 7Jx16J 7-Arm-DesignArrow down iconMehr anzeigen","4.9 l/100 km","","","Nein","Nein","","","","","Ja","","","02.2015","Privatanbieter"
"1733064650-76","https://www.autoscout24.ch/de/s/mo-a1/mk-audi?pagination%5Bpage%5D=2","","https://www.autoscout24.ch/de/d/audi-a1-sportback-16-tdi-sport-11951613","AUDI A1 Sportback 1.6 TDI Sport","CHF 13'000.–","160'000 km","Halbautomatisches Getriebe","02.2016","Vorderradantrieb","Diesel","116 PS (85 kW)","AusstattungenOptionale AusstattungAssist: Einparkhilfe hintenAudi Sound SystemAudi music interface onlineAussenspiegel rechts und linksAussenspiegel und Dachkuppel inAusströmermanschettenBerganfahrassistentBose SoundsystemConnectivity PaketMedia: Audi music interfaceMedia: Bluetooth-SchnittstelleVorbereitung NavigationssystemDachspoiler in WagenfarbeArrow down iconMehr anzeigen","3.7 l/100 km","","","Nein","04.04.2023","","","","","Ja","- La macchina appartiene a proprietario non fumatore, senza animali
- manutenuta con cura, sempre lavaggio a mano, ottime condizioni di carrozzeria, motore, interni e meccanica.
- tagliandi obbligatori ...","","02.2016","Privatanbieter"
"1733064653-77","https://www.autoscout24.ch/de/s/mo-a1/mk-audi?pagination%5Bpage%5D=2","","https://www.autoscout24.ch/de/d/audi-a1-sportback-30-tfsi-s-line-attraction-11908315","AUDI A1 Sportback 30 TFSI S Line Attraction","CHF 21'500.–","27'700 km","Schaltgetriebe manuell","05.2021","Vorderradantrieb","Benzin","110 PS (81 kW)","AusstattungenOptionale AusstattungAssist: Adaptiver GeschwindigkeitsassistentAssist: Audi pre sense basicAssist: Einparkhilfe hintenAssist: Einparkhilfe plusAssist: GeschwindigkeitsregelanlageAssist: ParkassistentAssist: RückfahrkameraAssist: SpurwechselwarnungAussenspiegel elektrisch einstell-, beheiz- und anklappbarGarantie: Audi Garantie: 5 Jahre oder 150'000 km (ab 1. Inv.)Arrow down iconMehr anzeigen","5.7 l/100 km","","","Ja","13.10.2024","","","","","Ja","","","05.2021","Privatanbieter"
"1733064655-78","https://www.autoscout24.ch/de/s/mo-a1/mk-audi?pagination%5Bpage%5D=2","","https://www.autoscout24.ch/de/d/audi-a1-sportback-10-tfsi-10208965","AUDI A1 Sportback 1.0 TFSI","CHF 14'980.–","72'500 km","Schaltgetriebe manuell","11.2017","Vorderradantrieb","Benzin","95 PS (70 kW)","AusstattungenOptionale AusstattungAbgedunkelte Seiten- und HeckscheibeActive Style PaketAussenlackierung mit DachkuppelEinparkhilfe vorne und hintenGarantie: Audi Garantie: 4 Jahre oder 80'000 km (ab 1. Inv.)KlimatisierungsautomatikKomfortpaketAssist: Einparkhilfe hintenMittelarmlehne vorneTempomatMittelarmlehne vorneNebelscheinwerferPaket TechnikKomfortschlüssel ohne Safe-FunktionSitze: Vordersitze heizbarXenon Plus-Lichtanlage inkl. LEDArrow down iconMehr anzeigen","4.2 l/100 km","","","Nein","03.01.2023","","","","","Ja","","Audi A1 Sportback ultra, Gletscherweiss-brilliantschwarz, 8 Kompletträder (4 Aluräder) Alle Services durchgeführt Ab MfK","11.2017","Privatanbieter"
"1733064658-79","https://www.autoscout24.ch/de/s/mo-a1/mk-audi?pagination%5Bpage%5D=2","","https://www.autoscout24.ch/de/d/audi-a1-sportback-sport-14-tfsi-ambition-12012028","AUDI A1 Sportback Sport 1.4 TFSI Ambition","CHF 12'800.–","141'876 km","Halbautomatisches Getriebe","12.2012","Vorderradantrieb","Benzin","185 PS (136 kW)","AusstattungenOptionale AusstattungAdvance PaketPark Distance Control hintenTempomatAlu-Räder 18J 5-Arm-Rotor DesignS SportsitzeXenon Plus-Lichtanlage inkl. LEDSerienmässige Ausstattung3-Sitz-Rückbank3-Speichen-SportlederlenkradAirbag: Airbag Fahrer und BeifahrerAktivkohlefilterAlu-Räder 7,5Jx17 5-Arm-DesignAluminium-ApplikationenArrow down iconMehr anzeigen","5.9 l/100 km","","","Nein","29.10.2024","","","","","Ja","","","12.2012","Garage Oroshi GmbH"
"1733064660-80","https://www.autoscout24.ch/de/s/mo-a1/mk-audi?pagination%5Bpage%5D=2","","https://www.autoscout24.ch/de/d/audi-a1-sportback-30-tfsi-attraction-11884623","AUDI A1 Sportback 30 TFSI Attraction","CHF 18'500.–","92'000 km","Halbautomatisches Getriebe","02.2021","Vorderradantrieb","Benzin","110 PS (81 kW)","AusstattungenSerienmässige Ausstattung3-Punkt-Sicherheitsgurte auf allen PlätzenABSAirbag: Airbag Beifahrer deaktivierbarAirbag: Airbag FahrerAirbag: Seitenairbags vorneAirbag: Window-KopfairbagsAssist: Audi pre sense frontAssist: BerganfahrassistentAssist: SpurverlassenswarnungAudi connect NotrufArrow down iconMehr anzeigen","6 l/100 km","","","Ja","15.10.2024","","","","","Ja","","","02.2021","Privatanbieter"
"1733064664-81","https://www.autoscout24.ch/de/s/mo-a1/mk-audi?pagination%5Bpage%5D=1","","https://www.autoscout24.ch/de/d/audi-a1-sportback-15-35-tfsi-city-carver-s-tronic-12025344","AUDI A1 Sportback 1.5 35 TFSI City Carver S-Tronic","CHF 29'990.–","57'900 km","Halbautomatisches Getriebe","02.2020","Vorderradantrieb","Benzin","150 PS (110 kW)","AusstattungenOptionale AusstattungAdaptiver GeschwindigkeitsassistentAlu-Optik für InnenraumAudi Phone BoxAudi smartphone interfaceAudi virtual cockpitDachkuppel KontrastfarbeFernlichtassistentInterieurelemente in KunstlederKlimaautomatKomfortschlüsselArrow down iconMehr anzeigen","6.5 l/100 km","","","Ja","Nein","","","","","Ja","Arenaz Centre Occasions Premium à Crissier 

Idéalement situé à Crissier, le centre d'occasions premium Arenaz vous propose une large sélection de véhicules d'occasions.

Nous parlons ...","Véhicule CH - Pack S-Line - Virtual Cockpit - Caméra de recul - Garantie 2 ans - Leasing possible","02.2020","Arenaz Automobiles Crissier SA"
"1733064667-82","https://www.autoscout24.ch/de/s/mo-a1/mk-audi?pagination%5Bpage%5D=1","","https://www.autoscout24.ch/de/d/audi-a1-sportback-35-tfsi-s-line-12026709","AUDI A1 Sportback 35 TFSI S Line","CHF 15'900.–","160'000 km","Automat","08.2019","Vorderradantrieb","Benzin","150 PS (110 kW)","AusstattungenOptionale AusstattungAlu-Räder Audi Sport im 5-Doppelarm-Assist: Einparkhilfe hintenAudi Smartphone InterfaceAudi Sound SystemAudi virtual cockpitAussenspiegel rechts und links elektrisch verstell-, beheiz- und anklappbar,Dachhimmel schwarzGarantie: Audi Garantie: 5 Jahre oder 100'000 km (ab 1. Inv.)Infotainment PaketAudi Smartphone InterfaceAudi Sound SystemAudi virtual cockpitLenkrad: Leder-Multifunktion plus Lenkrad im 3-Speichen-DesignVorbereitung NavigationssystemInnenspiegel automatisch abblendbarArrow down iconMehr anzeigen","7.1 l/100 km","","","Ja","Nein","","","","","Ja","","Véhicule CH ! Garantie Autocorner 1 an ou 17'500 km ! (4)","08.2019","Autocorner Occasions Romanel"
"1733064669-83","https://www.autoscout24.ch/de/s/mo-a1/mk-audi?pagination%5Bpage%5D=1","","https://www.autoscout24.ch/de/d/audi-a1-sportback-30-tfsi-s-line-attraction-12030008","AUDI A1 Sportback 30 TFSI S Line Attraction","CHF 42'490.–","25 km","Automatikgetriebe","Neues Fahrzeug","Vorderradantrieb","Benzin","115 PS (85 kW)","AusstattungenOptionale AusstattungAssist: ParkassistentAssist: RückfahrkameraAssist: SpurwechselwarnungDachhimmel in Stoff schwarzDekor: Aluminiumoptik im InterieurEntfall Modellbezeichnung und Leistungs- / Technologie-SchriftzugGarantie: Audi Garantie: 5 Jahre oder 100'000 km (ab 1. Inv.)Klima: 2-Zonen-KomfortklimaautomatikKomfortschlüssel (ohne Safelock)Media: SONOS Premium SoundsystemArrow down iconMehr anzeigen","-","","","Ja","Nein","","","","","Ja","[0VB] Papiers français
[0E0E] noir mythe-noir mythe
[7HB] Decór: Elements intérieur cuir artificiel
[4ZP] Paquet optique noir plus
[3GD] Paquet coffre à bagages
[1XX] Volant multifonctions ...","","Neues Fahrzeug","Arenaz Automobiles et Services SA - Agence Audi"
"1733064672-84","https://www.autoscout24.ch/de/s/mo-a1/mk-audi?pagination%5Bpage%5D=1","","https://www.autoscout24.ch/de/d/audi-a1-sportback-25-tfsi-advanced-12011904","AUDI A1 Sportback 25 TFSI advanced","CHF 23'900.–","24'200 km","Automatikgetriebe","08.2022","Vorderradantrieb","Benzin","95 PS (70 kW)","AusstattungenOptionale AusstattungAssist: Einparkhilfe hintenAssist: GeschwindigkeitsregelanlageAudi virtual cockpitAussenspiegel elektrisch einstell-, beheiz- und anklappbarDachhimmel in Stoff schwarzInnenspiegel automatisch abblendbarLenkrad: Lederlenkrad im 3-Speichen-Design mit Multifunktion plusLicht: LED-Scheinwerfer und LED-Heckleuchten mit dynamischem BlinklichtMedia: Audi Smartphone InterfaceMedia: Audi SoundsystemArrow down iconMehr anzeigen","6.1 l/100 km","","","Ja","Nein","","","","","Ja","[IT4] Audi connect Navigation & Infotainment (3 Jahre)
[EL5] Audi connect Remote & Control (MMI Navigation Plus)
[A41] Audi Swiss Service Package+
[0E0E] mythosschwarz-mythosschwarz
[EA5] Anschlussgarantie ...","Swiss Service Package / LED-Scheinwerfer / Navigation / Virtual Cockpit / uvm.","08.2022","AMAG Bülach"
"1733064675-85","https://www.autoscout24.ch/de/s/mo-a1/mk-audi?pagination%5Bpage%5D=1","","https://www.autoscout24.ch/de/d/audi-a1-sportback-30-tfsi-s-line-attraction-12015956","AUDI A1 Sportback 30 TFSI S Line Attraction","CHF 41'390.–","10 km","Automatikgetriebe","Neues Fahrzeug","Vorderradantrieb","Benzin","115 PS (85 kW)","AusstattungenOptionale AusstattungAssist: RückfahrkameraAssist: SpurwechselwarnungDachhimmel in Stoff schwarzDekor: Interieurelemente in KunstlederEntfall Modellbezeichnung und Leistungs- / Technologie-SchriftzugKlima: 2-Zonen-KomfortklimaautomatikKomfortschlüssel (ohne Safelock)Lenkrad: Lederlenkrad im 3-Speichen-Design mit Multifunktion plus und SchaltwippenMittelarmlehne vornePaket: AssistenzpaketArrow down iconMehr anzeigen","5.7 l/100 km","","","Ja","Nein","","","","","Ja","","CH-Ausführung/ Gratisservice/ Bei Flottenbestätigung 6-10% Zusatzrabatt!","Neues Fahrzeug","AMAG Baden"
"1733064677-86","https://www.autoscout24.ch/de/s/mo-a1/mk-audi?pagination%5Bpage%5D=1","","https://www.autoscout24.ch/de/d/audi-a1-sportback-30-tfsi-s-line-attraction-12015958","AUDI A1 Sportback 30 TFSI S Line Attraction","CHF 41'690.–","3'000 km","Automatikgetriebe","09.2024","Vorderradantrieb","Benzin","115 PS (85 kW)","AusstattungenOptionale AusstattungAssist: RückfahrkameraAssist: SpurwechselwarnungDachhimmel in Stoff schwarzDekor: Interieurelemente in KunstlederEntfall Modellbezeichnung und Leistungs- / Technologie-SchriftzugKlima: 2-Zonen-KomfortklimaautomatikKomfortschlüssel (ohne Safelock)Mittelarmlehne vornePaket: AssistenzpaketPaket: S line mit Sportsitz (Stoff Puls / Kunstleder mono.pur 550- Kombination schwarz)Dachhimmel in Stoff schwarzEinstiegsleisten mit Aluminiumeinlegern vorne, unbeleuchtet, mit S-SchriftzugFussmatten vorne und hintenSitze: Sportsitze vorneArrow down iconMehr anzeigen","5.7 l/100 km","","","Ja","Nein","","","","","Ja","","CH-Ausführung / Gratisservice","09.2024","AMAG Baden"
"1733064679-87","https://www.autoscout24.ch/de/s/mo-a1/mk-audi?pagination%5Bpage%5D=1","","https://www.autoscout24.ch/de/d/audi-a1-sportback-30-tfsi-attraction-12017025","AUDI A1 Sportback 30 TFSI Attraction","CHF 29'900.–","10 km","Automatikgetriebe","Neues Fahrzeug","Vorderradantrieb","Benzin","115 PS (85 kW)","AusstattungenOptionale AusstattungAssist: Einparkhilfe plusAssist: RückfahrkameraEntfall Modellbezeichnung und Leistungs- / Technologie-SchriftzugLackierung: Metallic-LackierungMittelarmlehne vornePolster: advanced mit Sportsitz (Stoff Derby)Sitze: Sportsitze vorneMedia: 6 LautsprecherSitze: Lendenwirbelstütze, manuell einstellbar in VordersitzlehnenSerienmässige Ausstattung3-Punkt-Sicherheitsgurte auf allen PlätzenABSAirbag: Airbag Beifahrer deaktivierbarArrow down iconMehr anzeigen","5.5 l/100 km","","","Ja","Nein","","","","","Ja","","2.99% Leasingaktion / Gratisservice / bei Flottenbestätigung 4–11 % Zusatzrabatt","Neues Fahrzeug","AMAG Frauenfeld"
"1733064681-88","https://www.autoscout24.ch/de/s/mo-a1/mk-audi?pagination%5Bpage%5D=1","","https://www.autoscout24.ch/de/d/audi-a1-sportback-30-tfsi-attraction-12017026","AUDI A1 Sportback 30 TFSI Attraction","CHF 29'900.–","10 km","Automatikgetriebe","Neues Fahrzeug","Vorderradantrieb","Benzin","115 PS (85 kW)","AusstattungenOptionale AusstattungAssist: Einparkhilfe plusAssist: RückfahrkameraEntfall Modellbezeichnung und Leistungs- / Technologie-SchriftzugLackierung: Metallic-LackierungMittelarmlehne vornePolster: advanced mit Sportsitz (Stoff Derby)Sitze: Sportsitze vorneMedia: 6 LautsprecherSitze: Lendenwirbelstütze, manuell einstellbar in VordersitzlehnenSerienmässige Ausstattung3-Punkt-Sicherheitsgurte auf allen PlätzenABSAirbag: Airbag Beifahrer deaktivierbarArrow down iconMehr anzeigen","5.5 l/100 km","","","Ja","Nein","","","","","Ja","","2.99% Leasingaktion / Gratisservice / bei Flottenbestätigung 4–11 % Zusatzrabatt","Neues Fahrzeug","AMAG Frauenfeld"
"1733064684-89","https://www.autoscout24.ch/de/s/mo-a1/mk-audi?pagination%5Bpage%5D=1","","https://www.autoscout24.ch/de/d/audi-a1-sportback-35-tfsi-s-line-12020549","AUDI A1 Sportback 35 TFSI S Line","CHF 43'900.–","50 km","Automatikgetriebe","06.2024","Vorderradantrieb","Benzin","150 PS (110 kW)","AusstattungenOptionale AusstattungAssist: RückfahrkameraDachhimmel in Stoff schwarzDekor: Interieurelemente in KunstlederEntfall Modellbezeichnung und Leistungs- / Technologie-SchriftzugKlima: 2-Zonen-KomfortklimaautomatikKomfortschlüssel (ohne Safelock)Lackierung: Dachkuppel in KontrastfarbeMedia: Audi connect Navigation & Infotainment plus - 3 JahreMittelarmlehne vornePaket: AssistenzpaketArrow down iconMehr anzeigen","6 l/100 km","","","Ja","11.03.2024","","","","","Ja","","Tageszulassung","06.2024","AMAG Schaffhausen"
"1733064686-90","https://www.autoscout24.ch/de/s/mo-a1/mk-audi?pagination%5Bpage%5D=1","","https://www.autoscout24.ch/de/d/audi-a1-sportback-30-tfsi-attraction-12016827","AUDI A1 Sportback 30 TFSI Attraction","CHF 36'200.–","10 km","Automatikgetriebe","Neues Fahrzeug","Vorderradantrieb","Benzin","115 PS (85 kW)","AusstattungenOptionale AusstattungAssist: Einparkhilfe plusAssist: RückfahrkameraDachhimmel in Stoff schwarzKlima: 2-Zonen-KomfortklimaautomatikKomfortschlüssel (ohne Safelock)Lenkrad: Sportkontur-Lederlenkrad im 3-Speichen-Design unten abgeflacht mit Multifunktion plusMedia: SONOS Premium SoundsystemMittelarmlehne vornePaket: S line mit Sportsitz (Stoff Puls / Kunstleder mono.pur 550- Kombination schwarz)Dachhimmel in Stoff schwarzEinstiegsleisten mit Aluminiumeinlegern vorne, unbeleuchtet, mit S-SchriftzugFussmatten vorne und hintenSitze: Sportsitze vorneRäder: Aluminium-Gussräder Audi Sport - 18 Zoll - im 7-Speichen-Rotor-Design in AnthrazitschwarzArrow down iconMehr anzeigen","5.7 l/100 km","","","Ja","Nein","","","","","Ja","","","Neues Fahrzeug","AMAG Etoy"
"1733064689-91","https://www.autoscout24.ch/de/s/mo-a1/mk-audi?pagination%5Bpage%5D=1","","https://www.autoscout24.ch/de/d/audi-a1-sport-14-tfsi-ambition-s-tronic-11623388","AUDI A1 Sport 1.4 TFSI Ambition S-tronic","CHF 7'900.–","158'000 km","Halbautomatisches Getriebe","02.2011","Vorderradantrieb","Benzin","185 PS (136 kW)","AusstattungenOptionale AusstattungAdvance PaketAblagenpaketAussenspiegel rechts und linksBordcomputerLED InnenlichtpaketLicht- und RegensensorMittelarmlehne vorneMultifunktionsanzeigePark Distance Control hintenTempomatArmauflagen Türen in KunstlederAussenspiegel rechts und links elektr.Licht- und RegensensorMedia: Bluetooth-SchnittstelleMetallic-LackierungMittelarmlehne vorneMultifunktions-Sportlenkrad in LederNavigationspaketPark Distance Control hintenArrow down iconMehr anzeigen","5.9 l/100 km","","","Nein","10.05.2022","","","","","Nein","","8-fach bereift | frisch ab Service","02.2011","Privatanbieter"
"1733064691-92","https://www.autoscout24.ch/de/s/mo-a1/mk-audi?pagination%5Bpage%5D=1","","https://www.autoscout24.ch/de/d/audi-a1-sportback-sport-14-tfsi-ambition-neue-steuerkette-11759966","AUDI A1 Sportback Sport 1.4 TFSI Ambition neue Steuerkette","CHF 10'500.–","158'000 km","Halbautomatisches Getriebe","05.2012","Vorderradantrieb","Benzin","185 PS (136 kW)","AusstattungenSerienmässige Ausstattung3-Sitz-Rückbank3-Speichen-SportlederlenkradAirbag: Airbag Fahrer und BeifahrerAktivkohlefilterAlu-Räder 7,5Jx17 5-Arm-DesignAluminium-ApplikationenAntiblockiersystem (ABS)Antriebsschlupfregelung (ASR)Aschenbecher und ZigarettenanzünderAssist: BerganfahrassistentArrow down iconMehr anzeigen","5.9 l/100 km","","","Nein","11.02.2022","","","","","Nein","","","05.2012","Privatanbieter"
"1733064693-93","https://www.autoscout24.ch/de/s/mo-a1/mk-audi?pagination%5Bpage%5D=1","","https://www.autoscout24.ch/de/d/audi-a1-sportback-30-tfsi-s-line-attraction-11965303","AUDI A1 Sportback 30 TFSI S Line Attraction","CHF 19'950.–","53'400 km","Automat","11.2020","Vorderradantrieb","Benzin","110 PS (81 kW)","AusstattungenOptionale AusstattungAssist: Adaptiver GeschwindigkeitsassistentGarantie: Audi Garantie: 5 Jahre oder 100'000 km (ab 1. Inv.)Klima: 2-Zonen-KomfortklimaautomatikKomfortschlüssel (ohne Safelock)Media: Audi Phone BoxMedia: Audi connect Navigation & Infotainment plus - 3 JahrePaket: GepäckraumpaketPaket: LichtpaketRäder: Aluminium-Gussräder - 17 Zoll - im 5-V-Speichen-Design, kontrastgrau, teilpoliertSerienmässige Ausstattung3-Punkt-Sicherheitsgurte auf allen PlätzenArrow down iconMehr anzeigen","6 l/100 km","","","Nein","27.11.2020","","","","","Nein","Erste Hand Fahrzeug / mit AMAG Garantie / Top Zustand / Aluräder 17"" 5-V-Speichen Design kontrastgrau & poliert / Interieur S-Line / Komfortklima-Automatik 2-Zonen / Infotainement Paket im Wert von CHF ...","Top gepflegt  / Erste Hand / Mythos Schwarz Metallic / Garantie 100'000km / 5 Jahre / Schönes Fahrzeug mit vielen Optionen","11.2020","Privatanbieter"
"1733064696-94","https://www.autoscout24.ch/de/s/mo-a1/mk-audi?pagination%5Bpage%5D=1","","https://www.autoscout24.ch/de/d/audi-a1-sportback-sport-14-tfsi-ambition-11304654","AUDI A1 Sportback Sport 1.4 TFSI Ambition","CHF 16'900.–","85'000 km","Halbautomatisches Getriebe","06.2014","Vorderradantrieb","Benzin","185 PS (136 kW)","AusstattungenSerienmässige Ausstattung3-Speichen-SportlederlenkradAirbag: Airbag Fahrer und BeifahrerAktivkohlefilterAluminium-ApplikationenAntiblockiersystem (ABS)Antriebsschlupfregelung (ASR)Aschenbecher und ZigarettenanzünderAssist: BerganfahrassistentAssist: Bremsassistent (BAS)Aussenspiegel in WagenfarbeArrow down iconMehr anzeigen","5.9 l/100 km","","","Nein","15.02.2023","","","","","Ja","","Wegen Umstellung auf Rennvelo in liebevolle Hände wegzugeben. Einige kleine Gebrauchsspuren.","06.2014","Privatanbieter"
"1733064698-95","https://www.autoscout24.ch/de/s/mo-a1/mk-audi?pagination%5Bpage%5D=1","","https://www.autoscout24.ch/de/d/audi-a1-sportback-30-tfsi-s-line-attraction-11756689","AUDI A1 Sportback 30 TFSI S Line Attraction","CHF 21'000.–","44'800 km","Halbautomatisches Getriebe","07.2020","Vorderradantrieb","Benzin","115 PS (85 kW)","AusstattungenOptionale AusstattungAssist: Einparkhilfe plusAssist: GeschwindigkeitsregelanlageAssist: RückfahrkameraAssist: Spurverlassenswarnung und SpurwechselwarnungAudi virtual cockpitAussenspiegel elektrisch einstell-, beheiz- und anklappbarKlima: 2-Zonen-KomfortklimaautomatikLackierung: Metallic-LackierungLenkrad: Sportkontur-Lederlenkrad im 3-Speichen-Design unten abgeflacht mit Multifunktion plusLicht: LED-Scheinwerfer und LED-Heckleuchten mit dynamischem BlinklichtArrow down iconMehr anzeigen","6.9 l/100 km","","","Nein","Nein","","","","","Ja","","","07.2020","Privatanbieter"
"1733064700-96","https://www.autoscout24.ch/de/s/mo-a1/mk-audi?pagination%5Bpage%5D=1","","https://www.autoscout24.ch/de/d/audi-a1-sportback-16-tdi-ambition-s-line-9085846","AUDI A1 Sportback 1.6 TDI Ambition S Line","CHF 10'500.–","224'000 km","Schaltgetriebe manuell","08.2012","Vorderradantrieb","Diesel","105 PS (77 kW)","AusstattungenSerienmässige Ausstattung3-Speichen-Sportlederlenkrad5-Gang-GetriebeAirbag: Airbag Fahrer und BeifahrerAktivkohlefilterAlu-Räder 7Jx16J 7-Arm-DesignAluminium-ApplikationenAntiblockiersystem (ABS)Antriebsschlupfregelung (ASR)Aschenbecher und ZigarettenanzünderAssist: Bremsassistent (BAS)Arrow down iconMehr anzeigen","3.8 l/100 km","","","Nein","03.07.2023","","","","","Ja","AUDI A1 Sportback S Line 1.6 TDI
En parfait état. Jamais eu aucun problème avec le véhicule, mais trop petit pour une famille qui s'agrandit.
Extrêmement économique en entretien et en consommation ...","AUDI A1 Sportback 1.6 TDI Ambition S Line","08.2012","Privatanbieter"
"1733064703-97","https://www.autoscout24.ch/de/s/mo-a1/mk-audi?pagination%5Bpage%5D=1","","https://www.autoscout24.ch/de/d/audi-a1-16-tdi-ambition-9192336","AUDI A1 1.6 TDI Ambition","CHF 7'500.–","92'500 km","Schaltgetriebe manuell","10.2010","Vorderradantrieb","Diesel","105 PS (77 kW)","AusstattungenOptionale AusstattungAdvance PaketAblagenpaketAussenspiegel rechts und linksBordcomputerLED InnenlichtpaketMittelarmlehne vorneMultifunktionsanzeigePark Distance Control hintenTempomatSerienmässige Ausstattung3-Speichen-Sportlederlenkrad5-Gang-GetriebeAirbag: Airbag Fahrer und BeifahrerAktivkohlefilterAlu-Räder 7Jx16J 7-Arm-DesignAluminium-ApplikationenAntiblockiersystem (ABS)Antriebsschlupfregelung (ASR)Aschenbecher und ZigarettenanzünderArrow down iconMehr anzeigen","3.9 l/100 km","","","Nein","01.05.2018","","","","","Nein","","Top Zustand, MFK bis 12.21, regelmäßiger Service, leichte Gebrauchsspuren, 8fachbereifung,","10.2010","Privatanbieter"
"1733064705-98","https://www.autoscout24.ch/de/s/mo-a1/mk-audi?pagination%5Bpage%5D=1","","https://www.autoscout24.ch/de/d/audi-a1-sportback-30-tfsi-attraction-11978569","AUDI A1 Sportback 30 TFSI Attraction","CHF 23'900.–","18'500 km","Automat","08.2022","Vorderradantrieb","Benzin","110 PS (81 kW)","AusstattungenOptionale AusstattungAssist: GeschwindigkeitsregelanlageAssist: RückfahrkameraMittelarmlehne vorneSerienmässige Ausstattung3-Punkt-Sicherheitsgurte auf allen PlätzenABSAirbag: Airbag Beifahrer deaktivierbarAirbag: Airbag FahrerAirbag: Seitenairbags vorneAirbag: Window-KopfairbagsAssist: Audi pre sense frontArrow down iconMehr anzeigen","-","","","Ja","Nein","","","","","Nein","","","08.2022","Privatanbieter"
"1733064707-99","https://www.autoscout24.ch/de/s/mo-a1/mk-audi?pagination%5Bpage%5D=1","","https://www.autoscout24.ch/de/d/audi-a1-sportback-25-tfsi-11990064","AUDI A1 Sportback 25 TFSI","CHF 18'500.–","51'000 km","Halbautomatisches Getriebe","01.2021","Vorderradantrieb","Benzin","95 PS (70 kW)","AusstattungenSerienmässige Ausstattung3-Punkt-Sicherheitsgurte auf allen PlätzenABSAirbag: Airbag Beifahrer deaktivierbarAirbag: Seitenairbags vorneAirbag: Window-KopfairbagsAssist: Audi pre sense frontAssist: BerganfahrassistentAssist: SpurverlassenswarnungAudi connect NotrufAussenspiegel elektrisch einstell- und beheizbarArrow down iconMehr anzeigen","6.1 l/100 km","","","Nein","Nein","","","","","Nein","","","01.2021","Privatanbieter"
"1733064709-100","https://www.autoscout24.ch/de/s/mo-a1/mk-audi?pagination%5Bpage%5D=1","","https://www.autoscout24.ch/de/d/audi-a1-sportback-30-tfsi-s-line-attraction-s-tronic-10946550","AUDI A1 Sportback 30 TFSI S Line Attraction S-tronic","CHF 29'000.–","5'769 km","Halbautomatisches Getriebe","03.2023","Vorderradantrieb","Benzin","110 PS (81 kW)","AusstattungenOptionale AusstattungAssist: Adaptiver GeschwindigkeitsassistentAssist: Audi pre sense basicAssist: Einparkhilfe plusAssist: GeschwindigkeitsregelanlageAssist: Kamerabasierte VerkehrszeichenerkennungAssist: ParkassistentAssist: RückfahrkameraAssist: SpurwechselwarnungAudi drive selectAudi virtual cockpitArrow down iconMehr anzeigen","5.9 l/100 km","","","Ja","Nein","","","","","Ja","Cette Audi A1 Sportback 2023 est présentée dans un état impeccable, n'ayant jamais été impliquée dans un accident. De plus, son faible kilométrage en fait une véritable occasion unique, se rapprochant de ...","Faible kilométrage, état impeccable, jamais accidentée. Exceptionnelle ! REPRISE DE LEASING POSSIBLE !","03.2023","Privatanbieter"
